Index,Sample Index,Original Filename,Sample Name,Sample ID,Sample Comment,Sample Type,Acquisition Date & Time,Rack Number,Plate Number,Vial Number,Dilution Factor,Injection Volume,Operator Name,Acq. Method Name,IS,Component Name,Component Index,Component Comment,IS Comment,Mass Info,IS Mass Info,IS Name,Component Group Name,Conc. Units,Failed Query,IS Failed Query,Outlier Reasons,Peak Comment,IS Peak Comment,Actual Concentration,IS Actual Concentration,Concentration Ratio,Expected RT,IS Expected RT,Integration Type,IS Integration Type,Area,IS Area,Corrected Area,IS Corrected Area,Area Ratio,Height,IS Height,Corrected Height,IS Corrected Height,Height Ratio,Area / Height,IS Area / Height,Corrected Area/Height,IS Corrected Area/Height,Region Height,IS Region Height,Quality,IS Quality,Retention Time,IS Retention Time,Start Time,IS Start Time,End Time,IS End Time,Total Width,IS Total Width,Width at 50%,IS Width at 50%,Signal / Noise,IS Signal / Noise,Baseline Delta / Height,IS Baseline Delta / Height,Modified,Relative RT,Used,Calculated Concentration,Accuracy,Start Time at 5%,End Time at 5%,Width at 5%,Start Time at 10%,End Time at 10%,Width at 10%,Slope of Baseline,Tailing Factor,Asymmetry Factor,Ion Ratio,Expected Ion Ratio,Points Across Baseline,Points Across Half Height
3,1,D:\User Data\Linda\LINDA_BenNRAex_011120\StandardCurves\NADmetB_0_1.wiff (sample 1),NADmetB_0_1,,,Standard,11/02/2020 6:40,1,1,16,1,5,6500PLUS\User,NADmetabolites_updatedRT.dam,FALSE,NaR_0_0,3,,N/A,256.0 / 124.0,N/A,(No IS),,,FALSE,FALSE,Accuracy,,N/A,100,N/A,N/A,7.6,N/A,Baseline,N/A,338073.4,N/A,338073.4,N/A,N/A,9123.402599,N/A,9123.402599,N/A,N/A,37.0556266,N/A,37.0556266,N/A,9498,N/A,0,N/A,7.856960041,N/A,7.280083333,N/A,8.59355,N/A,1.313466667,N/A,0.624609014,N/A,110.1678716,N/A,0.188087721,N/A,FALSE,N/A,TRUE,123.0862989,123.0862989,7.387765764,8.59355,1.205784236,7.408897874,8.59355,1.184652126,1306.466349,1.250422045,1.569639556,N/A,N/A,50,28
25,1,D:\User Data\Linda\LINDA_BenNRAex_011120\StandardCurves\NADmetB_0_1.wiff (sample 1),NADmetB_0_1,,,Standard,11/02/2020 6:40,1,1,16,1,5,6500PLUS\User,NADmetabolites_updatedRT.dam,FALSE,NADPH,25,,N/A,746.0 / 729.0,N/A,(No IS),,,FALSE,FALSE,Accuracy,,N/A,100,N/A,N/A,12.35,N/A,Manual,N/A,10584.29252,N/A,10584.29252,N/A,N/A,1093.491733,N/A,1093.491733,N/A,N/A,9.679353029,N/A,9.679353029,N/A,1046,N/A,0.342393147,N/A,12.10537704,N/A,11.81100737,N/A,12.1985977,N/A,0.387590323,N/A,0.215823836,N/A,8.356956288,N/A,0.018776784,N/A,TRUE,N/A,TRUE,126.8184703,126.8184703,11.82390984,12.20041667,0.376506824,11.83669836,12.20041667,0.363718304,-52.97412466,0.572970635,0.151851846,N/A,N/A,10,6
27,1,D:\User Data\Linda\LINDA_BenNRAex_011120\StandardCurves\NADmetB_0_1.wiff (sample 1),NADmetB_0_1,,,Standard,11/02/2020 6:40,1,1,16,1,5,6500PLUS\User,NADmetabolites_updatedRT.dam,FALSE,Me4Py,27,,N/A,153.1 / 136.0,N/A,(No IS),,,FALSE,FALSE,Accuracy,,N/A,100,N/A,N/A,1.95,N/A,Baseline,N/A,7347563.28,N/A,7347563.28,N/A,N/A,269554.9554,N/A,269554.9554,N/A,N/A,27.25812727,N/A,27.25812727,N/A,268954,N/A,1,N/A,1.937956054,N/A,1.380933333,N/A,2.885016667,N/A,1.504083333,N/A,0.440999405,N/A,293.3367229,N/A,0.003383355,N/A,FALSE,N/A,TRUE,118.1013779,118.1013779,1.657804846,2.439987388,0.782182541,1.668883494,2.35235017,0.683466676,606.3493822,1.489899015,1.71846382,N/A,N/A,49,15
30,1,D:\User Data\Linda\LINDA_BenNRAex_011120\StandardCurves\NADmetB_0_1.wiff (sample 1),NADmetB_0_1,,,Standard,11/02/2020 6:40,1,1,16,1,5,6500PLUS\User,NADmetabolites_updatedRT.dam,FALSE,ADPr1,30,,N/A,559.6 / 347.9,N/A,(No IS),,,FALSE,FALSE,Accuracy,,N/A,100,N/A,N/A,10.3,N/A,Valley,N/A,18780.51427,N/A,18780.51427,N/A,N/A,1059.866941,N/A,1059.866941,N/A,N/A,17.7196906,N/A,17.7196906,N/A,990,N/A,1,N/A,9.839676012,N/A,9.606033333,N/A,10.28645,N/A,0.680416667,N/A,0.285993148,N/A,15.12499185,N/A,0.045873312,N/A,FALSE,N/A,TRUE,62.1749389,62.1749389,9.615409087,10.28645,0.671040913,9.622394574,10.28533067,0.662936097,71.45563796,1.372884336,1.792421836,N/A,N/A,24,11
32,1,D:\User Data\Linda\LINDA_BenNRAex_011120\StandardCurves\NADmetB_0_1.wiff (sample 1),NADmetB_0_1,,,Standard,11/02/2020 6:40,1,1,16,1,5,6500PLUS\User,NADmetabolites_updatedRT.dam,FALSE,NAM1,32,,N/A,123.0 / 79.9,N/A,(No IS),,,FALSE,FALSE,Accuracy,,N/A,100,N/A,N/A,1.66,N/A,Baseline,N/A,3177589.294,N/A,3177589.294,N/A,N/A,143108.1597,N/A,143108.1597,N/A,N/A,22.20410981,N/A,22.20410981,N/A,144572,N/A,0.964333763,N/A,1.653256882,N/A,1.43385,N/A,2.6206,N/A,1.18675,N/A,0.32872517,N/A,161.3502684,N/A,0.047977698,N/A,FALSE,N/A,TRUE,118.2564328,118.2564328,1.46657899,2.56504246,1.09846347,1.472111234,2.179766937,0.707655703,5785.548768,2.493247659,2.295170205,N/A,N/A,37,12
41,1,D:\User Data\Linda\LINDA_BenNRAex_011120\StandardCurves\NADmetB_0_1.wiff (sample 1),NADmetB_0_1,,,Standard,11/02/2020 6:40,1,1,16,1,5,6500PLUS\User,NADmetabolites_updatedRT.dam,FALSE,NAD1,41,,N/A,664.0 / 427.8,N/A,(No IS),,,FALSE,FALSE,Accuracy,,N/A,100,N/A,N/A,11.7,N/A,Manual,N/A,67515.31323,N/A,67515.31323,N/A,N/A,2636.5715,N/A,2636.5715,N/A,N/A,25.60723774,N/A,25.60723774,N/A,2680,N/A,0.823483984,N/A,11.61424365,N/A,11.38516751,N/A,12.19573779,N/A,0.810570276,N/A,0.407909274,N/A,15.92313643,N/A,0.018901752,N/A,TRUE,N/A,TRUE,119.5661931,119.5661931,11.33741667,12.16883772,0.831421051,11.33741667,12.14847191,0.811055248,-61.48241842,1.445111908,1.819427282,N/A,N/A,19,10
47,1,D:\User Data\Linda\LINDA_BenNRAex_011120\StandardCurves\NADmetB_0_1.wiff (sample 1),NADmetB_0_1,,,Standard,11/02/2020 6:40,1,1,16,1,5,6500PLUS\User,NADmetabolites_updatedRT.dam,FALSE,NAMN1,47,,N/A,335.9 / 124.0,N/A,(No IS),,,FALSE,FALSE,,,N/A,100,N/A,N/A,12.3,N/A,Baseline,N/A,117347.482,N/A,117347.482,N/A,N/A,7718.641675,N/A,7718.641675,N/A,N/A,15.20312601,N/A,15.20312601,N/A,7438,N/A,1,N/A,12.08714282,N/A,11.76891667,N/A,12.89085,N/A,1.121933333,N/A,0.15166779,N/A,63.41504157,N/A,0.021376818,N/A,FALSE,N/A,TRUE,94.52736192,94.52736192,11.88358157,12.86779398,0.984212405,11.91254158,12.66679386,0.754252282,147.0675619,2.227211051,2.928566005,N/A,N/A,26,5
50,1,D:\User Data\Linda\LINDA_BenNRAex_011120\StandardCurves\NADmetB_0_1.wiff (sample 1),NADmetB_0_1,,,Standard,11/02/2020 6:40,1,1,16,1,5,6500PLUS\User,NADmetabolites_updatedRT.dam,FALSE,MeNAM1,50,,N/A,137.3 / 94.1,N/A,(No IS),,,FALSE,FALSE,Accuracy,,N/A,100,N/A,N/A,8.97,N/A,Baseline,N/A,41848520.45,N/A,41848520.45,N/A,N/A,1762460.232,N/A,1762460.232,N/A,N/A,23.74437714,N/A,23.74437714,N/A,1804565,N/A,0.968766409,N/A,9.210368048,N/A,8.83225,N/A,9.968566667,N/A,1.136316667,N/A,0.357948838,N/A,401.8746355,N/A,0.063904421,N/A,FALSE,N/A,TRUE,853.5709657,853.5709657,8.951966053,9.946900542,0.994934489,8.96892441,9.709962662,0.741038252,99117.61686,1.669536481,1.637063062,N/A,N/A,35,13
67,2,D:\User Data\Linda\LINDA_BenNRAex_011120\StandardCurves\NADmetB_0_1a.wiff (sample 1),NADmetB_0_1a,,,Standard,11/02/2020 7:06,1,1,16,1,5,6500PLUS\User,NADmetabolites_updatedRT.dam,FALSE,NaR_0_0,3,,N/A,256.0 / 124.0,N/A,(No IS),,,FALSE,FALSE,,,N/A,100,N/A,N/A,7.6,N/A,Baseline,N/A,301234.4485,N/A,301234.4485,N/A,N/A,8595.752259,N/A,8595.752259,N/A,N/A,35.04457079,N/A,35.04457079,N/A,9494,N/A,0,N/A,7.867119385,N/A,7.389083333,N/A,8.593433333,N/A,1.20435,N/A,0.567989827,N/A,132.4985282,N/A,0.096791994,N/A,FALSE,N/A,TRUE,109.6739151,109.6739151,7.410807921,8.593433333,1.182625412,7.446631746,8.559762814,1.113131067,690.8290779,1.176409081,1.384506301,N/A,N/A,45,25
89,2,D:\User Data\Linda\LINDA_BenNRAex_011120\StandardCurves\NADmetB_0_1a.wiff (sample 1),NADmetB_0_1a,,,Standard,11/02/2020 7:06,1,1,16,1,5,6500PLUS\User,NADmetabolites_updatedRT.dam,FALSE,NADPH,25,,N/A,746.0 / 729.0,N/A,(No IS),,,FALSE,FALSE,,,N/A,100,N/A,N/A,11.97,N/A,Manual,N/A,8909.50755,N/A,8909.50755,N/A,N/A,1146.693548,N/A,1146.693548,N/A,N/A,7.769737226,N/A,7.769737226,N/A,978,N/A,0.639523705,N/A,12.05688333,N/A,11.82647204,N/A,12.19065883,N/A,0.36418679,N/A,0.077977872,N/A,8.947502194,N/A,0,N/A,TRUE,N/A,TRUE,106.751596,106.751596,11.84340649,12.20071667,0.357310175,11.91891175,12.20071667,0.281804913,0,0.836882756,1.042485226,N/A,N/A,9,3
91,2,D:\User Data\Linda\LINDA_BenNRAex_011120\StandardCurves\NADmetB_0_1a.wiff (sample 1),NADmetB_0_1a,,,Standard,11/02/2020 7:06,1,1,16,1,5,6500PLUS\User,NADmetabolites_updatedRT.dam,FALSE,Me4Py,27,,N/A,153.1 / 136.0,N/A,(No IS),,,FALSE,FALSE,Accuracy,,N/A,100,N/A,N/A,1.95,N/A,Valley,N/A,7233915.112,N/A,7233915.112,N/A,N/A,274125.4533,N/A,274125.4533,N/A,N/A,26.38906758,N/A,26.38906758,N/A,273393,N/A,1,N/A,1.939448394,N/A,1.5867,N/A,2.884683333,N/A,1.297983333,N/A,0.433331147,N/A,299.7028528,N/A,0.003073655,N/A,FALSE,N/A,TRUE,116.2746491,116.2746491,1.657674018,2.44320939,0.785535372,1.669554568,2.347124827,0.677570259,649.1354882,1.327623611,1.386129215,N/A,N/A,42,15
94,2,D:\User Data\Linda\LINDA_BenNRAex_011120\StandardCurves\NADmetB_0_1a.wiff (sample 1),NADmetB_0_1a,,,Standard,11/02/2020 7:06,1,1,16,1,5,6500PLUS\User,NADmetabolites_updatedRT.dam,FALSE,ADPr1,30,,N/A,559.6 / 347.9,N/A,(No IS),,,FALSE,FALSE,Accuracy,,N/A,100,N/A,N/A,10.3,N/A,Baseline,N/A,22061.6825,N/A,22061.6825,N/A,N/A,998.9886601,N/A,998.9886601,N/A,N/A,22.08401695,N/A,22.08401695,N/A,858,N/A,0.956752616,N/A,9.840496925,N/A,9.5697,N/A,10.20756667,N/A,0.637866667,N/A,0.41138645,N/A,15.94233096,N/A,0.154155904,N/A,FALSE,N/A,TRUE,73.03760385,73.03760385,9.585254687,10.20756667,0.62231198,9.59439947,10.20756667,0.613167197,241.4297659,2.403454594,4.096255661,N/A,N/A,21,15
96,2,D:\User Data\Linda\LINDA_BenNRAex_011120\StandardCurves\NADmetB_0_1a.wiff (sample 1),NADmetB_0_1a,,,Standard,11/02/2020 7:06,1,1,16,1,5,6500PLUS\User,NADmetabolites_updatedRT.dam,FALSE,NAM1,32,,N/A,123.0 / 79.9,N/A,(No IS),,,FALSE,FALSE,Accuracy,,N/A,100,N/A,N/A,1.66,N/A,Baseline,N/A,3241537.554,N/A,3241537.554,N/A,N/A,141990.5585,N/A,141990.5585,N/A,N/A,22.82924715,N/A,22.82924715,N/A,143155,N/A,0.970009321,N/A,1.655461072,N/A,1.43375,N/A,2.653816667,N/A,1.220066667,N/A,0.336450071,N/A,191.0015861,N/A,0.045552325,N/A,FALSE,N/A,TRUE,120.6363166,120.6363166,1.4658459,2.595855622,1.130009721,1.471504201,2.235693259,0.764189058,5301.349653,3.012490058,3.201246323,N/A,N/A,38,12
105,2,D:\User Data\Linda\LINDA_BenNRAex_011120\StandardCurves\NADmetB_0_1a.wiff (sample 1),NADmetB_0_1a,,,Standard,11/02/2020 7:06,1,1,16,1,5,6500PLUS\User,NADmetabolites_updatedRT.dam,FALSE,NAD1,41,,N/A,664.0 / 427.8,N/A,(No IS),,,FALSE,FALSE,,,N/A,100,N/A,N/A,11.7,N/A,Manual,N/A,57685.72626,N/A,57685.72626,N/A,N/A,2446.927487,N/A,2446.927487,N/A,N/A,23.57475919,N/A,23.57475919,N/A,2042,N/A,0.882133018,N/A,11.65963437,N/A,11.39596075,N/A,12.19121237,N/A,0.795251613,N/A,0.372668085,N/A,10.63706093,N/A,0.032950247,N/A,TRUE,N/A,TRUE,102.1584935,102.1584935,11.38566667,12.17160553,0.785938866,11.38566667,12.1543511,0.768684429,-101.3853532,1.366058283,1.672135905,N/A,N/A,18,10
111,2,D:\User Data\Linda\LINDA_BenNRAex_011120\StandardCurves\NADmetB_0_1a.wiff (sample 1),NADmetB_0_1a,,,Standard,11/02/2020 7:06,1,1,16,1,5,6500PLUS\User,NADmetabolites_updatedRT.dam,FALSE,NAMN1,47,,N/A,335.9 / 124.0,N/A,(No IS),,,FALSE,FALSE,Accuracy,,N/A,100,N/A,N/A,12.3,N/A,Baseline,N/A,99053.121,N/A,99053.121,N/A,N/A,6579.590778,N/A,6579.590778,N/A,N/A,15.05460208,N/A,15.05460208,N/A,6408,N/A,1,N/A,12.08124434,N/A,11.8651,N/A,12.78061667,N/A,0.915516667,N/A,0.191205651,N/A,53.36947372,N/A,0.043771719,N/A,FALSE,N/A,TRUE,79.79063597,79.79063597,11.90126362,12.73521466,0.833951039,11.91900043,12.52615263,0.607152199,314.5764687,2.048485789,2.26748727,N/A,N/A,21,6
114,2,D:\User Data\Linda\LINDA_BenNRAex_011120\StandardCurves\NADmetB_0_1a.wiff (sample 1),NADmetB_0_1a,,,Standard,11/02/2020 7:06,1,1,16,1,5,6500PLUS\User,NADmetabolites_updatedRT.dam,FALSE,MeNAM1,50,,N/A,137.3 / 94.1,N/A,(No IS),,,FALSE,FALSE,Accuracy,,N/A,100,N/A,N/A,8.97,N/A,Baseline,N/A,41471351.94,N/A,41471351.94,N/A,N/A,1873327.509,N/A,1873327.509,N/A,N/A,22.13780118,N/A,22.13780118,N/A,1914708,N/A,0.96555398,N/A,9.204071504,N/A,8.832133333,N/A,9.968633333,N/A,1.1365,N/A,0.326877889,N/A,444.5453502,N/A,0.063515856,N/A,FALSE,N/A,TRUE,845.8779795,845.8779795,8.949071664,9.929478136,0.980406472,8.970163141,9.710516352,0.740353212,104695.1166,1.809235198,1.963148946,N/A,N/A,35,12
131,3,D:\User Data\Linda\LINDA_BenNRAex_011120\StandardCurves\NADmetB_0_05.wiff (sample 1),NADmetB_0_05,,,Standard,11/02/2020 5:49,1,1,15,1,5,6500PLUS\User,NADmetabolites_updatedRT.dam,FALSE,NaR_0_0,3,,N/A,256.0 / 124.0,N/A,(No IS),,,FALSE,FALSE,,,N/A,50,N/A,N/A,7.6,N/A,Baseline,N/A,128326.88,N/A,128326.88,N/A,N/A,3993.82494,N/A,3993.82494,N/A,N/A,32.13132322,N/A,32.13132322,N/A,4568,N/A,0.830624606,N/A,7.870166752,N/A,7.389366667,N/A,8.55525,N/A,1.165883333,N/A,0.512429639,N/A,112.3676716,N/A,0.108166984,N/A,FALSE,N/A,TRUE,46.72145369,93.44290739,7.436648074,8.55525,1.118601926,7.450989934,8.533913289,1.082923355,370.5345017,1.228777582,1.456573694,N/A,N/A,44,23
153,3,D:\User Data\Linda\LINDA_BenNRAex_011120\StandardCurves\NADmetB_0_05.wiff (sample 1),NADmetB_0_05,,,Standard,11/02/2020 5:49,1,1,15,1,5,6500PLUS\User,NADmetabolites_updatedRT.dam,FALSE,NADPH,25,,N/A,746.0 / 729.0,N/A,(No IS),,,FALSE,FALSE,Accuracy,,N/A,50,N/A,N/A,11.97,N/A,Manual,N/A,5058.984929,N/A,5058.984929,N/A,N/A,961.9011681,N/A,961.9011681,N/A,N/A,5.259360418,N/A,5.259360418,N/A,1045,N/A,0.494367615,N/A,12.19701281,N/A,12.06142793,N/A,12.25522148,N/A,0.193793548,N/A,0.127224135,N/A,6.779005036,N/A,0.02285433,N/A,TRUE,N/A,TRUE,60.61555167,121.2311033,12.0656514,12.25483062,0.189179222,12.07006088,12.2523562,0.182295323,-113.4382787,0.665349637,0.323322404,N/A,N/A,6,5
155,3,D:\User Data\Linda\LINDA_BenNRAex_011120\StandardCurves\NADmetB_0_05.wiff (sample 1),NADmetB_0_05,,,Standard,11/02/2020 5:49,1,1,15,1,5,6500PLUS\User,NADmetabolites_updatedRT.dam,FALSE,Me4Py,27,,N/A,153.1 / 136.0,N/A,(No IS),,,FALSE,FALSE,Accuracy,,N/A,50,N/A,N/A,1.95,N/A,Baseline,N/A,3764182.295,N/A,3764182.295,N/A,N/A,142847.3262,N/A,142847.3262,N/A,N/A,26.35108682,N/A,26.35108682,N/A,142465,N/A,1,N/A,1.943865877,N/A,1.460366667,N/A,2.808683333,N/A,1.348316667,N/A,0.432849359,N/A,232.2066421,N/A,0.006272431,N/A,FALSE,N/A,TRUE,60.5037478,121.0074956,1.659230481,2.446648861,0.78741838,1.673744124,2.347384895,0.673640771,664.5323181,1.507773879,1.731649315,N/A,N/A,43,15
158,3,D:\User Data\Linda\LINDA_BenNRAex_011120\StandardCurves\NADmetB_0_05.wiff (sample 1),NADmetB_0_05,,,Standard,11/02/2020 5:49,1,1,15,1,5,6500PLUS\User,NADmetabolites_updatedRT.dam,FALSE,ADPr1,30,,N/A,559.6 / 347.9,N/A,(No IS),,,FALSE,FALSE,Accuracy,,N/A,50,N/A,N/A,10.3,N/A,Baseline,N/A,11862.2845,N/A,11862.2845,N/A,N/A,679.5341703,N/A,679.5341703,N/A,N/A,17.45649449,N/A,17.45649449,N/A,737,N/A,0.785000049,N/A,9.83476066,N/A,9.573966667,N/A,10.16073333,N/A,0.586766667,N/A,0.316864182,N/A,12.37958409,N/A,0.064750239,N/A,FALSE,N/A,TRUE,39.2713854,78.5427708,9.61361629,10.15720804,0.543591751,9.621614054,10.14891464,0.527300581,74.98721809,0.948289301,0.892548796,N/A,N/A,19,11
160,3,D:\User Data\Linda\LINDA_BenNRAex_011120\StandardCurves\NADmetB_0_05.wiff (sample 1),NADmetB_0_05,,,Standard,11/02/2020 5:49,1,1,15,1,5,6500PLUS\User,NADmetabolites_updatedRT.dam,FALSE,NAM1,32,,N/A,123.0 / 79.9,N/A,(No IS),,,FALSE,FALSE,Accuracy,,N/A,50,N/A,N/A,1.66,N/A,Baseline,N/A,1711974.305,N/A,1711974.305,N/A,N/A,74176.74641,N/A,74176.74641,N/A,N/A,23.07966293,N/A,23.07966293,N/A,74308,N/A,0.990401621,N/A,1.658308393,N/A,1.433916667,N/A,2.654,N/A,1.220083333,N/A,0.33917525,N/A,102.2561025,N/A,0.057484322,N/A,FALSE,N/A,TRUE,63.71244224,127.4248845,1.467106641,2.647724882,1.180618241,1.472888955,2.240516742,0.767627787,3494.843248,2.685338684,2.586302025,N/A,N/A,38,12
169,3,D:\User Data\Linda\LINDA_BenNRAex_011120\StandardCurves\NADmetB_0_05.wiff (sample 1),NADmetB_0_05,,,Standard,11/02/2020 5:49,1,1,15,1,5,6500PLUS\User,NADmetabolites_updatedRT.dam,FALSE,NAD1,41,,N/A,664.0 / 427.8,N/A,(No IS),,,FALSE,FALSE,Accuracy,,N/A,50,N/A,N/A,11.7,N/A,Manual,N/A,38809.77387,N/A,38809.77387,N/A,N/A,1533.06594,N/A,1533.06594,N/A,N/A,25.31513673,N/A,25.31513673,N/A,1553,N/A,0.893867678,N/A,11.64350721,N/A,11.39017627,N/A,12.25093994,N/A,0.860763671,N/A,0.48942059,N/A,9.913201459,N/A,0.058763445,N/A,TRUE,N/A,TRUE,68.73013984,137.4602797,11.34481667,12.23769116,0.892874498,11.34481667,12.22906317,0.884246504,-104.6608242,1.551925547,2.073858067,N/A,N/A,20,12
175,3,D:\User Data\Linda\LINDA_BenNRAex_011120\StandardCurves\NADmetB_0_05.wiff (sample 1),NADmetB_0_05,,,Standard,11/02/2020 5:49,1,1,15,1,5,6500PLUS\User,NADmetabolites_updatedRT.dam,FALSE,NAMN1,47,,N/A,335.9 / 124.0,N/A,(No IS),,,FALSE,FALSE,,,N/A,50,N/A,N/A,12.3,N/A,Baseline,N/A,69277.996,N/A,69277.996,N/A,N/A,3546.276447,N/A,3546.276447,N/A,N/A,19.53541892,N/A,19.53541892,N/A,3359,N/A,1,N/A,12.10425697,N/A,11.82426667,N/A,12.78768333,N/A,0.963416667,N/A,0.380776597,N/A,26.40073075,N/A,0.075290239,N/A,FALSE,N/A,TRUE,55.80576668,111.6115334,11.92326908,12.78768333,0.864414248,11.93090542,12.74326874,0.812363314,277.1386558,2.290879845,3.487503093,N/A,N/A,22,10
178,3,D:\User Data\Linda\LINDA_BenNRAex_011120\StandardCurves\NADmetB_0_05.wiff (sample 1),NADmetB_0_05,,,Standard,11/02/2020 5:49,1,1,15,1,5,6500PLUS\User,NADmetabolites_updatedRT.dam,FALSE,MeNAM1,50,,N/A,137.3 / 94.1,N/A,(No IS),,,FALSE,FALSE,Accuracy,,N/A,50,N/A,N/A,8.97,N/A,Baseline,N/A,24800293.37,N/A,24800293.37,N/A,N/A,1141308.349,N/A,1141308.349,N/A,N/A,21.72970467,N/A,21.72970467,N/A,1158458,N/A,0.975502863,N/A,9.203425908,N/A,8.8323,N/A,9.972733333,N/A,1.140433333,N/A,0.32751842,N/A,366.5309923,N/A,0.051328811,N/A,FALSE,N/A,TRUE,505.8436984,1011.687397,8.954167082,9.914022785,0.959855702,8.974288071,9.684841315,0.710553243,51368.19338,2.280669092,2.733624309,N/A,N/A,35,12
195,4,D:\User Data\Linda\LINDA_BenNRAex_011120\StandardCurves\NADmetB_0_5.wiff (sample 1),NADmetB_0_5,,,Standard,11/02/2020 7:32,1,1,17,1,5,6500PLUS\User,NADmetabolites_updatedRT.dam,FALSE,NaR_0_0,3,,N/A,256.0 / 124.0,N/A,(No IS),,,FALSE,FALSE,,,N/A,500,N/A,N/A,7.6,N/A,Baseline,N/A,1434262.928,N/A,1434262.928,N/A,N/A,39479.75292,N/A,39479.75292,N/A,N/A,36.32907559,N/A,36.32907559,N/A,42531,N/A,0.944010768,N/A,7.859154968,N/A,7.14885,N/A,8.555283333,N/A,1.406433333,N/A,0.606609873,N/A,217.1128055,N/A,0.240882966,N/A,FALSE,N/A,TRUE,522.1887182,104.4377436,7.402812087,8.555283333,1.152471246,7.432274014,8.555283333,1.123009319,6761.78513,1.233809091,1.566432701,N/A,N/A,55,26
217,4,D:\User Data\Linda\LINDA_BenNRAex_011120\StandardCurves\NADmetB_0_5.wiff (sample 1),NADmetB_0_5,,,Standard,11/02/2020 7:32,1,1,17,1,5,6500PLUS\User,NADmetabolites_updatedRT.dam,FALSE,NADPH,25,,N/A,746.0 / 729.0,N/A,(No IS),,,FALSE,FALSE,Accuracy,,N/A,500,N/A,N/A,11.97,N/A,Manual,N/A,51074.80772,N/A,51074.80772,N/A,N/A,1487.431702,N/A,1487.431702,N/A,N/A,34.33758178,N/A,34.33758178,N/A,1318,N/A,1,N/A,12.293794,N/A,11.76194611,N/A,12.8140733,N/A,1.052127189,N/A,0.826082594,N/A,9.895250036,N/A,0.056373989,N/A,TRUE,N/A,TRUE,611.966173,122.3932346,11.78848824,12.81397953,1.025491291,11.81076873,12.81021498,0.999446253,79.69802501,0.855843066,0.732649217,N/A,N/A,25,20
219,4,D:\User Data\Linda\LINDA_BenNRAex_011120\StandardCurves\NADmetB_0_5.wiff (sample 1),NADmetB_0_5,,,Standard,11/02/2020 7:32,1,1,17,1,5,6500PLUS\User,NADmetabolites_updatedRT.dam,FALSE,Me4Py,27,,N/A,153.1 / 136.0,N/A,(No IS),,,FALSE,FALSE,,,N/A,500,N/A,N/A,1.95,N/A,Baseline,N/A,35051406.96,N/A,35051406.96,N/A,N/A,1301072.619,N/A,1301072.619,N/A,N/A,26.94039246,N/A,26.94039246,N/A,1299252,N/A,1,N/A,1.942705492,N/A,1.58685,N/A,2.958716667,N/A,1.371866667,N/A,0.439537764,N/A,437.4376758,N/A,0.001572549,N/A,FALSE,N/A,TRUE,563.4003139,112.6800628,1.658480706,2.444272036,0.78579133,1.670109194,2.351134035,0.681024841,1491.398581,1.500350268,1.721477974,N/A,N/A,45,15
222,4,D:\User Data\Linda\LINDA_BenNRAex_011120\StandardCurves\NADmetB_0_5.wiff (sample 1),NADmetB_0_5,,,Standard,11/02/2020 7:32,1,1,17,1,5,6500PLUS\User,NADmetabolites_updatedRT.dam,FALSE,ADPr1,30,,N/A,559.6 / 347.9,N/A,(No IS),,,FALSE,FALSE,Accuracy,,N/A,500,N/A,N/A,10.3,N/A,Valley,N/A,115610.3219,N/A,115610.3219,N/A,N/A,4896.711133,N/A,4896.711133,N/A,N/A,23.60979008,N/A,23.60979008,N/A,4500,N/A,1,N/A,9.848558575,N/A,9.533616667,N/A,10.3971,N/A,0.863483333,N/A,0.376188283,N/A,28.98965753,N/A,0.07690378,N/A,FALSE,N/A,TRUE,382.7405681,76.54811363,9.607770252,10.3971,0.789329748,9.619296601,10.3971,0.777803399,436.1121783,1.565427987,2.232943858,N/A,N/A,31,14
224,4,D:\User Data\Linda\LINDA_BenNRAex_011120\StandardCurves\NADmetB_0_5.wiff (sample 1),NADmetB_0_5,,,Standard,11/02/2020 7:32,1,1,17,1,5,6500PLUS\User,NADmetabolites_updatedRT.dam,FALSE,NAM1,32,,N/A,123.0 / 79.9,N/A,(No IS),,,FALSE,FALSE,,,N/A,500,N/A,N/A,1.66,N/A,Baseline,N/A,15167131.75,N/A,15167131.75,N/A,N/A,684593.8394,N/A,684593.8394,N/A,N/A,22.15493462,N/A,22.15493462,N/A,690626,N/A,0.96057649,N/A,1.65642316,N/A,1.433883333,N/A,2.654,N/A,1.220116667,N/A,0.328624469,N/A,447.4113523,N/A,0.04998,N/A,FALSE,N/A,TRUE,564.4564893,112.8912979,1.466609052,2.572872184,1.106263133,1.472295547,2.216870009,0.744574462,28043.21991,2.958857172,3.107896104,N/A,N/A,38,12
233,4,D:\User Data\Linda\LINDA_BenNRAex_011120\StandardCurves\NADmetB_0_5.wiff (sample 1),NADmetB_0_5,,,Standard,11/02/2020 7:32,1,1,17,1,5,6500PLUS\User,NADmetabolites_updatedRT.dam,FALSE,NAD1,41,,N/A,664.0 / 427.8,N/A,(No IS),,,FALSE,FALSE,,,N/A,500,N/A,N/A,11.7,N/A,Manual,N/A,283237.2407,N/A,283237.2407,N/A,N/A,11864.85705,N/A,11864.85705,N/A,N/A,23.87194718,N/A,23.87194718,N/A,9742,N/A,0.854295229,N/A,11.64336158,N/A,11.40057276,N/A,12.14998047,N/A,0.749407706,N/A,0.469347743,N/A,21.99903416,N/A,0.031055628,N/A,TRUE,N/A,TRUE,501.5987783,100.3197557,11.38546667,12.14560736,0.760140694,11.38546667,12.10742482,0.721958151,491.6824116,1.585498216,2.011714459,N/A,N/A,17,11
239,4,D:\User Data\Linda\LINDA_BenNRAex_011120\StandardCurves\NADmetB_0_5.wiff (sample 1),NADmetB_0_5,,,Standard,11/02/2020 7:32,1,1,17,1,5,6500PLUS\User,NADmetabolites_updatedRT.dam,FALSE,NAMN1,47,,N/A,335.9 / 124.0,N/A,(No IS),,,FALSE,FALSE,Accuracy,,N/A,500,N/A,N/A,12.3,N/A,Baseline,N/A,520365.779,N/A,520365.779,N/A,N/A,33706.25095,N/A,33706.25095,N/A,N/A,15.43825743,N/A,15.43825743,N/A,32633,N/A,1,N/A,12.08130329,N/A,11.76903333,N/A,13.0349,N/A,1.265866667,N/A,0.188775572,N/A,83.94996035,N/A,0.029341738,N/A,FALSE,N/A,TRUE,419.1722181,83.83444363,11.90014148,12.88114065,0.980999166,11.91971008,12.52486926,0.60515918,781.2829155,3.133011121,3.417545453,N/A,N/A,30,6
242,4,D:\User Data\Linda\LINDA_BenNRAex_011120\StandardCurves\NADmetB_0_5.wiff (sample 1),NADmetB_0_5,,,Standard,11/02/2020 7:32,1,1,17,1,5,6500PLUS\User,NADmetabolites_updatedRT.dam,FALSE,MeNAM1,50,,N/A,137.3 / 94.1,N/A,(No IS),,,FALSE,FALSE,Accuracy,,N/A,500,N/A,N/A,8.97,N/A,Baseline,N/A,121252293.1,N/A,121252293.1,N/A,N/A,4620188.903,N/A,4620188.903,N/A,N/A,26.24401203,N/A,26.24401203,N/A,4808131,N/A,0.944318931,N/A,9.218826739,N/A,8.832333333,N/A,9.932383333,N/A,1.10005,N/A,0.408913817,N/A,733.6002534,N/A,0.112247575,N/A,FALSE,N/A,TRUE,2473.14447,494.6288941,8.943202807,9.932383333,0.989180526,8.960973503,9.896364692,0.935391189,471437.6619,1.785649952,2.608625442,N/A,N/A,34,15
259,5,D:\User Data\Linda\LINDA_BenNRAex_011120\StandardCurves\NADmetB_0_5a.wiff (sample 1),NADmetB_0_5a,,,Standard,11/02/2020 7:57,1,1,17,1,5,6500PLUS\User,NADmetabolites_updatedRT.dam,FALSE,NaR_0_0,3,,N/A,256.0 / 124.0,N/A,(No IS),,,FALSE,FALSE,,,N/A,500,N/A,N/A,7.6,N/A,Baseline,N/A,1448480.054,N/A,1448480.054,N/A,N/A,38723.30774,N/A,38723.30774,N/A,N/A,37.40589682,N/A,37.40589682,N/A,41213,N/A,0,N/A,7.860171196,N/A,7.170416667,N/A,8.59315,N/A,1.422733333,N/A,0.598006548,N/A,190.5981812,N/A,0.231643434,N/A,FALSE,N/A,TRUE,527.3649119,105.4729824,7.393114677,8.59315,1.200035323,7.418503526,8.59315,1.174646474,6304.765475,1.204366249,1.484377809,N/A,N/A,55,26
281,5,D:\User Data\Linda\LINDA_BenNRAex_011120\StandardCurves\NADmetB_0_5a.wiff (sample 1),NADmetB_0_5a,,,Standard,11/02/2020 7:57,1,1,17,1,5,6500PLUS\User,NADmetabolites_updatedRT.dam,FALSE,NADPH,25,,N/A,746.0 / 729.0,N/A,(No IS),,,FALSE,FALSE,Accuracy,,N/A,500,N/A,N/A,11.97,N/A,Manual,N/A,52428.97873,N/A,52428.97873,N/A,N/A,1622.202697,N/A,1622.202697,N/A,N/A,32.31962246,N/A,32.31962246,N/A,1478,N/A,1,N/A,12.24660574,N/A,11.80451216,N/A,12.77657217,N/A,0.97206001,N/A,0.654874984,N/A,11.71721304,N/A,0.17573597,N/A,TRUE,N/A,TRUE,628.1915273,125.6383055,11.82387339,12.77993333,0.956059944,11.82890299,12.77993333,0.951030346,293.2734215,2.591979379,4.301260766,N/A,N/A,23,16
283,5,D:\User Data\Linda\LINDA_BenNRAex_011120\StandardCurves\NADmetB_0_5a.wiff (sample 1),NADmetB_0_5a,,,Standard,11/02/2020 7:57,1,1,17,1,5,6500PLUS\User,NADmetabolites_updatedRT.dam,FALSE,Me4Py,27,,N/A,153.1 / 136.0,N/A,(No IS),,,FALSE,FALSE,,,N/A,500,N/A,N/A,1.95,N/A,Baseline,N/A,34767435.15,N/A,34767435.15,N/A,N/A,1288737.212,N/A,1288737.212,N/A,N/A,26.97790893,N/A,26.97790893,N/A,1286888,N/A,1,N/A,1.943121659,N/A,1.460216667,N/A,2.909333333,N/A,1.449116667,N/A,0.437949616,N/A,457.2357253,N/A,0.002853181,N/A,FALSE,N/A,TRUE,558.8358807,111.7671761,1.657776912,2.441894013,0.784117101,1.669825145,2.351211299,0.681386154,2537.407846,1.325538282,1.401573716,N/A,N/A,47,15
286,5,D:\User Data\Linda\LINDA_BenNRAex_011120\StandardCurves\NADmetB_0_5a.wiff (sample 1),NADmetB_0_5a,,,Standard,11/02/2020 7:57,1,1,17,1,5,6500PLUS\User,NADmetabolites_updatedRT.dam,FALSE,ADPr1,30,,N/A,559.6 / 347.9,N/A,(No IS),,,FALSE,FALSE,Accuracy,,N/A,500,N/A,N/A,10.3,N/A,Valley,N/A,103870.8932,N/A,103870.8932,N/A,N/A,4238.722378,N/A,4238.722378,N/A,N/A,24.50523624,N/A,24.50523624,N/A,3532,N/A,1,N/A,9.844914965,N/A,9.533183333,N/A,10.3082,N/A,0.775016667,N/A,0.447590714,N/A,28.22546289,N/A,0.117924815,N/A,FALSE,N/A,TRUE,343.8759103,68.77518206,9.585264322,10.3082,0.722935678,9.597962974,10.3082,0.710237026,644.954584,2.18516503,3.650571987,N/A,N/A,27,16
288,5,D:\User Data\Linda\LINDA_BenNRAex_011120\StandardCurves\NADmetB_0_5a.wiff (sample 1),NADmetB_0_5a,,,Standard,11/02/2020 7:57,1,1,17,1,5,6500PLUS\User,NADmetabolites_updatedRT.dam,FALSE,NAM1,32,,N/A,123.0 / 79.9,N/A,(No IS),,,FALSE,FALSE,,,N/A,500,N/A,N/A,1.66,N/A,Baseline,N/A,15042728.6,N/A,15042728.6,N/A,N/A,672082.3536,N/A,672082.3536,N/A,N/A,22.38226985,N/A,22.38226985,N/A,677942,N/A,0.960517681,N/A,1.65594454,N/A,1.43375,N/A,2.65385,N/A,1.2201,N/A,0.337563184,N/A,472.3182451,N/A,0.051715388,N/A,FALSE,N/A,TRUE,559.8267302,111.965346,1.466249873,2.58672509,1.120475218,1.471781862,2.202700504,0.730918642,28487.00926,2.993253223,3.024111147,N/A,N/A,38,12
297,5,D:\User Data\Linda\LINDA_BenNRAex_011120\StandardCurves\NADmetB_0_5a.wiff (sample 1),NADmetB_0_5a,,,Standard,11/02/2020 7:57,1,1,17,1,5,6500PLUS\User,NADmetabolites_updatedRT.dam,FALSE,NAD1,41,,N/A,664.0 / 427.8,N/A,(No IS),,,FALSE,FALSE,,,N/A,500,N/A,N/A,11.7,N/A,Manual,N/A,255071.8896,N/A,255071.8896,N/A,N/A,11770.79771,N/A,11770.79771,N/A,N/A,21.66988984,N/A,21.66988984,N/A,10295,N/A,0.770615184,N/A,11.63040562,N/A,11.40010036,N/A,12.18008961,N/A,0.779989247,N/A,0.444415646,N/A,23.9262213,N/A,0.032365741,N/A,TRUE,N/A,TRUE,451.7193709,90.34387418,11.385,12.1068067,0.7218067,11.385,12.08534885,0.700348845,-488.4305643,1.505541333,1.921569263,N/A,N/A,18,11
303,5,D:\User Data\Linda\LINDA_BenNRAex_011120\StandardCurves\NADmetB_0_5a.wiff (sample 1),NADmetB_0_5a,,,Standard,11/02/2020 7:57,1,1,17,1,5,6500PLUS\User,NADmetabolites_updatedRT.dam,FALSE,NAMN1,47,,N/A,335.9 / 124.0,N/A,(No IS),,,FALSE,FALSE,,,N/A,500,N/A,N/A,12.3,N/A,Baseline,N/A,544682.58,N/A,544682.58,N/A,N/A,33214.40213,N/A,33214.40213,N/A,N/A,16.39898794,N/A,16.39898794,N/A,32138,N/A,1,N/A,12.0743182,N/A,11.8165,N/A,13.0983,N/A,1.2818,N/A,0.200826473,N/A,71.15060116,N/A,0.022309599,N/A,FALSE,N/A,TRUE,438.760223,87.7520446,11.89282093,12.93078985,1.037968928,11.9178225,12.57573024,0.657907738,578.0933063,3.175594467,3.752724437,N/A,N/A,31,6
306,5,D:\User Data\Linda\LINDA_BenNRAex_011120\StandardCurves\NADmetB_0_5a.wiff (sample 1),NADmetB_0_5a,,,Standard,11/02/2020 7:57,1,1,17,1,5,6500PLUS\User,NADmetabolites_updatedRT.dam,FALSE,MeNAM1,50,,N/A,137.3 / 94.1,N/A,(No IS),,,FALSE,FALSE,Accuracy,,N/A,500,N/A,N/A,8.97,N/A,Baseline,N/A,118502470.4,N/A,118502470.4,N/A,N/A,4652305.923,N/A,4652305.923,N/A,N/A,25.47177085,N/A,25.47177085,N/A,4840333,N/A,0.93993701,N/A,9.218212936,N/A,8.8617,N/A,9.9682,N/A,1.1065,N/A,0.389552092,N/A,625.3896051,N/A,0.113962841,N/A,FALSE,N/A,TRUE,2417.05721,483.4114421,8.946003959,9.9682,1.022196041,8.962929549,9.888610957,0.925681408,479159.512,1.867165412,2.604625257,N/A,N/A,34,14
323,6,D:\User Data\Linda\LINDA_BenNRAex_011120\StandardCurves\NADmetB_0_05a.wiff (sample 1),NADmetB_0_05a,,,Standard,11/02/2020 6:15,1,1,15,1,5,6500PLUS\User,NADmetabolites_updatedRT.dam,FALSE,NaR_0_0,3,,N/A,256.0 / 124.0,N/A,(No IS),,,FALSE,FALSE,,,N/A,50,N/A,N/A,7.6,N/A,Baseline,N/A,130178.454,N/A,130178.454,N/A,N/A,3831.170631,N/A,3831.170631,N/A,N/A,33.97876694,N/A,33.97876694,N/A,4324,N/A,0,N/A,7.853675697,N/A,7.383933333,N/A,8.588383333,N/A,1.20445,N/A,0.641022898,N/A,80.37528798,N/A,0.164962634,N/A,FALSE,N/A,TRUE,47.39557769,94.79115538,7.415037959,8.588383333,1.173345375,7.423545182,8.588383333,1.164838151,524.7208269,1.371172552,1.777691113,N/A,N/A,45,28
345,6,D:\User Data\Linda\LINDA_BenNRAex_011120\StandardCurves\NADmetB_0_05a.wiff (sample 1),NADmetB_0_05a,,,Standard,11/02/2020 6:15,1,1,15,1,5,6500PLUS\User,NADmetabolites_updatedRT.dam,FALSE,NADPH,25,,N/A,746.0 / 729.0,N/A,(No IS),,,FALSE,FALSE,,,N/A,50,N/A,N/A,11.97,N/A,Manual,N/A,4753.400841,N/A,4753.400841,N/A,N/A,711.4126984,N/A,711.4126984,N/A,N/A,6.681636204,N/A,6.681636204,N/A,819,N/A,0.372181118,N/A,12.07472579,N/A,11.95704127,N/A,12.19451905,N/A,0.237477778,N/A,0.140799282,N/A,5.177016108,N/A,0,N/A,TRUE,N/A,TRUE,56.95411596,113.9082319,11.97362228,12.24103333,0.267411057,11.9983327,12.24103333,0.242700635,0,1.767943321,3.766565143,N/A,N/A,7,5
347,6,D:\User Data\Linda\LINDA_BenNRAex_011120\StandardCurves\NADmetB_0_05a.wiff (sample 1),NADmetB_0_05a,,,Standard,11/02/2020 6:15,1,1,15,1,5,6500PLUS\User,NADmetabolites_updatedRT.dam,FALSE,Me4Py,27,,N/A,153.1 / 136.0,N/A,(No IS),,,FALSE,FALSE,Accuracy,,N/A,50,N/A,N/A,1.95,N/A,Baseline,N/A,3694137.422,N/A,3694137.422,N/A,N/A,141414.313,N/A,141414.313,N/A,N/A,26.12279722,N/A,26.12279722,N/A,141019,N/A,1,N/A,1.938827216,N/A,1.464666667,N/A,2.838783333,N/A,1.374116667,N/A,0.427284,N/A,229.0733908,N/A,0.001697141,N/A,FALSE,N/A,TRUE,59.37787848,118.755757,1.658198212,2.433317116,0.775118904,1.668150031,2.34123189,0.673081858,174.6576589,1.940367067,2.54658103,N/A,N/A,44,14
350,6,D:\User Data\Linda\LINDA_BenNRAex_011120\StandardCurves\NADmetB_0_05a.wiff (sample 1),NADmetB_0_05a,,,Standard,11/02/2020 6:15,1,1,15,1,5,6500PLUS\User,NADmetabolites_updatedRT.dam,FALSE,ADPr1,30,,N/A,559.6 / 347.9,N/A,(No IS),,,FALSE,FALSE,,,N/A,50,N/A,N/A,10.3,N/A,Manual,N/A,13846.78686,N/A,13846.78686,N/A,N/A,625.7381325,N/A,625.7381325,N/A,N/A,22.12872469,N/A,22.12872469,N/A,495,N/A,1,N/A,9.927108168,N/A,9.607647312,N/A,10.25564654,N/A,0.647999232,N/A,0.537307389,N/A,9.213308226,N/A,0.015252575,N/A,TRUE,N/A,TRUE,45.84129671,91.68259341,9.616891882,10.26456667,0.647674785,9.628369015,9.989362161,0.360993146,14.72859407,1.181350284,0.374438887,N/A,N/A,23,20
352,6,D:\User Data\Linda\LINDA_BenNRAex_011120\StandardCurves\NADmetB_0_05a.wiff (sample 1),NADmetB_0_05a,,,Standard,11/02/2020 6:15,1,1,15,1,5,6500PLUS\User,NADmetabolites_updatedRT.dam,FALSE,NAM1,32,,N/A,123.0 / 79.9,N/A,(No IS),,,FALSE,FALSE,Accuracy,,N/A,50,N/A,N/A,1.66,N/A,Baseline,N/A,1720967.478,N/A,1720967.478,N/A,N/A,77872.45793,N/A,77872.45793,N/A,N/A,22.09982225,N/A,22.09982225,N/A,78238,N/A,0.975936657,N/A,1.653540721,N/A,1.385283333,N/A,2.624966667,N/A,1.239683333,N/A,0.322086521,N/A,117.0520059,N/A,0.050377246,N/A,FALSE,N/A,TRUE,64.04713011,128.0942602,1.467880338,2.599568082,1.131687744,1.47262334,2.270784357,0.798161017,3164.51782,2.978601244,3.309104417,N/A,N/A,39,12
361,6,D:\User Data\Linda\LINDA_BenNRAex_011120\StandardCurves\NADmetB_0_05a.wiff (sample 1),NADmetB_0_05a,,,Standard,11/02/2020 6:15,1,1,15,1,5,6500PLUS\User,NADmetabolites_updatedRT.dam,FALSE,NAD1,41,,N/A,664.0 / 427.8,N/A,(No IS),,,FALSE,FALSE,Accuracy,,N/A,50,N/A,N/A,11.7,N/A,Baseline,N/A,37718.407,N/A,37718.407,N/A,N/A,1380.32978,N/A,1380.32978,N/A,N/A,27.32564895,N/A,27.32564895,N/A,1319,N/A,0.988980633,N/A,11.6531366,N/A,11.37803333,N/A,12.24103333,N/A,0.863,N/A,0.512412862,N/A,9.452181587,N/A,0.199952217,N/A,FALSE,N/A,TRUE,66.79738449,133.594769,11.37845587,12.13650117,0.7580453,11.38224966,12.1245108,0.74226114,-319.8146002,1.980842814,2.957663599,N/A,N/A,19,13
367,6,D:\User Data\Linda\LINDA_BenNRAex_011120\StandardCurves\NADmetB_0_05a.wiff (sample 1),NADmetB_0_05a,,,Standard,11/02/2020 6:15,1,1,15,1,5,6500PLUS\User,NADmetabolites_updatedRT.dam,FALSE,NAMN1,47,,N/A,335.9 / 124.0,N/A,(No IS),,,FALSE,FALSE,,,N/A,50,N/A,N/A,12.3,N/A,Baseline,N/A,58682.542,N/A,58682.542,N/A,N/A,3205.563628,N/A,3205.563628,N/A,N/A,18.30646613,N/A,18.30646613,N/A,3152,N/A,1,N/A,12.07838747,N/A,11.90541667,N/A,12.96246667,N/A,1.05705,N/A,0.176899089,N/A,31.89828901,N/A,0.019341372,N/A,FALSE,N/A,TRUE,47.27077046,94.54154093,11.91434588,12.86939166,0.955045782,11.92282859,12.75191748,0.829088889,58.65380067,3.53972046,5.558136649,N/A,N/A,25,5
370,6,D:\User Data\Linda\LINDA_BenNRAex_011120\StandardCurves\NADmetB_0_05a.wiff (sample 1),NADmetB_0_05a,,,Standard,11/02/2020 6:15,1,1,15,1,5,6500PLUS\User,NADmetabolites_updatedRT.dam,FALSE,MeNAM1,50,,N/A,137.3 / 94.1,N/A,(No IS),,,FALSE,FALSE,Accuracy,,N/A,50,N/A,N/A,8.97,N/A,Baseline,N/A,23626467.24,N/A,23626467.24,N/A,N/A,1126291.605,N/A,1126291.605,N/A,N/A,20.9772204,N/A,20.9772204,N/A,1146275,N/A,0.967962221,N/A,9.203871801,N/A,8.827083333,N/A,9.963516667,N/A,1.136433333,N/A,0.312431085,N/A,371.3659708,N/A,0.058072882,N/A,FALSE,N/A,TRUE,481.9015401,963.8030802,8.9503041,9.873714767,0.923410667,8.973602648,9.684917701,0.711315053,57554.62998,1.96599274,2.362438938,N/A,N/A,35,12
387,7,D:\User Data\Linda\LINDA_BenNRAex_011120\StandardCurves\NADmetB_0_025.wiff (sample 1),NADmetB_0_025,,,Standard,11/02/2020 4:58,1,1,14,1,5,6500PLUS\User,NADmetabolites_updatedRT.dam,FALSE,NaR_0_0,3,,N/A,256.0 / 124.0,N/A,(No IS),,,FALSE,FALSE,,,N/A,25,N/A,N/A,7.6,N/A,Baseline,N/A,67451.574,N/A,67451.574,N/A,N/A,2005.859935,N/A,2005.859935,N/A,N/A,33.62726022,N/A,33.62726022,N/A,2244,N/A,0,N/A,7.864969737,N/A,7.3671,N/A,8.5932,N/A,1.2261,N/A,0.544372199,N/A,60.09782676,N/A,0.165515046,N/A,FALSE,N/A,TRUE,24.55787588,98.23150352,7.436821229,8.5932,1.156378771,7.444537433,8.5932,1.148662567,270.7772612,1.407144817,1.84901223,N/A,N/A,46,24
409,7,D:\User Data\Linda\LINDA_BenNRAex_011120\StandardCurves\NADmetB_0_025.wiff (sample 1),NADmetB_0_025,,,Standard,11/02/2020 4:58,1,1,14,1,5,6500PLUS\User,NADmetabolites_updatedRT.dam,FALSE,NADPH,25,,N/A,746.0 / 729.0,N/A,(No IS),,,FALSE,FALSE,Accuracy,,N/A,25,N/A,N/A,11.97,N/A,Manual,N/A,6113.184049,N/A,6113.184049,N/A,N/A,702.4848962,N/A,702.4848962,N/A,N/A,8.702228449,N/A,8.702228449,N/A,750,N/A,0.397582387,N/A,12.0130449,N/A,11.90653167,N/A,12.15262896,N/A,0.246097286,N/A,0.183988328,N/A,5.020215743,N/A,0.051154814,N/A,TRUE,N/A,FALSE,73.24671426,292.986857,11.91541307,12.14761705,0.232203986,11.91780624,12.14465293,0.22684669,-146.0214553,2.553360866,4.2660632,N/A,N/A,7,6
411,7,D:\User Data\Linda\LINDA_BenNRAex_011120\StandardCurves\NADmetB_0_025.wiff (sample 1),NADmetB_0_025,,,Standard,11/02/2020 4:58,1,1,14,1,5,6500PLUS\User,NADmetabolites_updatedRT.dam,FALSE,Me4Py,27,,N/A,153.1 / 136.0,N/A,(No IS),,,FALSE,FALSE,,,N/A,25,N/A,N/A,1.95,N/A,Baseline,N/A,1809110.533,N/A,1809110.533,N/A,N/A,68049.13753,N/A,68049.13753,N/A,N/A,26.5853558,N/A,26.5853558,N/A,67778,N/A,1,N/A,1.93779984,N/A,1.407266667,N/A,2.587133333,N/A,1.179866667,N/A,0.4397017,N/A,141.0057289,N/A,0.015738627,N/A,FALSE,N/A,TRUE,29.07881682,116.3152673,1.654626658,2.428680978,0.77405432,1.666412277,2.358582838,0.692170561,907.729687,1.294809358,1.410727273,N/A,N/A,37,15
414,7,D:\User Data\Linda\LINDA_BenNRAex_011120\StandardCurves\NADmetB_0_025.wiff (sample 1),NADmetB_0_025,,,Standard,11/02/2020 4:58,1,1,14,1,5,6500PLUS\User,NADmetabolites_updatedRT.dam,FALSE,ADPr1,30,,N/A,559.6 / 347.9,N/A,(No IS),,,FALSE,FALSE,Accuracy,,N/A,25,N/A,N/A,10.3,N/A,Baseline,N/A,14156.362,N/A,14156.362,N/A,N/A,831.1073648,N/A,831.1073648,N/A,N/A,17.03313266,N/A,17.03313266,N/A,671,N/A,1,N/A,9.955524561,N/A,9.569683333,N/A,10.35268333,N/A,0.783,N/A,0.566248669,N/A,12.02098449,N/A,0.21176566,N/A,FALSE,N/A,TRUE,46.86617894,187.4647157,9.586242627,10.35268333,0.766440706,9.593850617,10.35268333,0.758832716,224.7765006,1.906973341,2.924671004,N/A,N/A,28,22
416,7,D:\User Data\Linda\LINDA_BenNRAex_011120\StandardCurves\NADmetB_0_025.wiff (sample 1),NADmetB_0_025,,,Standard,11/02/2020 4:58,1,1,14,1,5,6500PLUS\User,NADmetabolites_updatedRT.dam,FALSE,NAM1,32,,N/A,123.0 / 79.9,N/A,(No IS),,,FALSE,FALSE,,,N/A,25,N/A,N/A,1.66,N/A,Baseline,N/A,777079.0435,N/A,777079.0435,N/A,N/A,33193.13446,N/A,33193.13446,N/A,N/A,23.41083649,N/A,23.41083649,N/A,33230,N/A,0.922838396,N/A,1.641078952,N/A,1.433733333,N/A,2.453733333,N/A,1.02,N/A,0.320887172,N/A,45.49690247,N/A,0.144337077,N/A,FALSE,N/A,TRUE,28.91959508,115.6783803,1.459677489,2.453733333,0.994055844,1.464715744,2.453733333,0.98901759,4697.058824,2.565448706,4.241191054,N/A,N/A,32,11
425,7,D:\User Data\Linda\LINDA_BenNRAex_011120\StandardCurves\NADmetB_0_025.wiff (sample 1),NADmetB_0_025,,,Standard,11/02/2020 4:58,1,1,14,1,5,6500PLUS\User,NADmetabolites_updatedRT.dam,FALSE,NAD1,41,,N/A,664.0 / 427.8,N/A,(No IS),,,FALSE,FALSE,Accuracy,,N/A,25,N/A,N/A,11.7,N/A,Baseline,N/A,64127.708,N/A,64127.708,N/A,N/A,2747.354476,N/A,2747.354476,N/A,N/A,23.34162139,N/A,23.34162139,N/A,2488,N/A,1,N/A,11.74670474,N/A,11.43345,N/A,12.24855,N/A,0.8151,N/A,0.567239874,N/A,12.31899977,N/A,0.1161117,N/A,FALSE,N/A,TRUE,113.5669162,454.2676649,11.43378066,12.19122061,0.75743995,11.44133431,12.18153417,0.740199856,-391.3630229,1.129486893,1.258434966,N/A,N/A,18,14
431,7,D:\User Data\Linda\LINDA_BenNRAex_011120\StandardCurves\NADmetB_0_025.wiff (sample 1),NADmetB_0_025,,,Standard,11/02/2020 4:58,1,1,14,1,5,6500PLUS\User,NADmetabolites_updatedRT.dam,FALSE,NAMN1,47,,N/A,335.9 / 124.0,N/A,(No IS),,,FALSE,FALSE,Accuracy,,N/A,25,N/A,N/A,12.3,N/A,Manual,N/A,86862.78227,N/A,86862.78227,N/A,N/A,3961.842384,N/A,3961.842384,N/A,N/A,21.92484553,N/A,21.92484553,N/A,3730,N/A,1,N/A,12.32892949,N/A,11.85276093,N/A,12.86149974,N/A,1.008738812,N/A,0.237751696,N/A,32.1062587,N/A,0.061482024,N/A,TRUE,N/A,TRUE,69.97090621,279.8836249,11.90575594,12.89105,0.985294064,11.92385,12.84197849,0.918128491,241.4719119,1.129076548,1.195254205,N/A,N/A,25,8
434,7,D:\User Data\Linda\LINDA_BenNRAex_011120\StandardCurves\NADmetB_0_025.wiff (sample 1),NADmetB_0_025,,,Standard,11/02/2020 4:58,1,1,14,1,5,6500PLUS\User,NADmetabolites_updatedRT.dam,FALSE,MeNAM1,50,,N/A,137.3 / 94.1,N/A,(No IS),,,FALSE,FALSE,Accuracy,,N/A,25,N/A,N/A,8.97,N/A,Baseline,N/A,12624519.69,N/A,12624519.69,N/A,N/A,611232.3726,N/A,611232.3726,N/A,N/A,20.65420658,N/A,20.65420658,N/A,621670,N/A,0.972387682,N/A,9.201662834,N/A,8.8321,N/A,9.96845,N/A,1.13635,N/A,0.309028848,N/A,221.7245547,N/A,0.050794103,N/A,FALSE,N/A,TRUE,257.4983141,1029.993257,8.952827958,9.891481325,0.938653367,8.972793687,9.661104857,0.68831117,27321.68786,1.756755532,1.784546923,N/A,N/A,35,12
451,8,D:\User Data\Linda\LINDA_BenNRAex_011120\StandardCurves\NADmetB_0_025a.wiff (sample 1),NADmetB_0_025a,,,Standard,11/02/2020 5:23,1,1,14,1,5,6500PLUS\User,NADmetabolites_updatedRT.dam,FALSE,NaR_0_0,3,,N/A,256.0 / 124.0,N/A,(No IS),,,FALSE,FALSE,,,N/A,25,N/A,N/A,7.6,N/A,Baseline,N/A,69392.76,N/A,69392.76,N/A,N/A,2163.724883,N/A,2163.724883,N/A,N/A,32.07097193,N/A,32.07097193,N/A,2320,N/A,0.984740912,N/A,7.860709708,N/A,7.388966667,N/A,8.555016667,N/A,1.16605,N/A,0.498406608,N/A,60.47526764,N/A,0.051762588,N/A,FALSE,N/A,TRUE,25.26462595,101.0585038,7.399915619,8.548025543,1.148109924,7.407486344,8.53101429,1.123527946,96.05076969,1.167606506,1.320953557,N/A,N/A,44,22
473,8,D:\User Data\Linda\LINDA_BenNRAex_011120\StandardCurves\NADmetB_0_025a.wiff (sample 1),NADmetB_0_025a,,,Standard,11/02/2020 5:23,1,1,14,1,5,6500PLUS\User,NADmetabolites_updatedRT.dam,FALSE,NADPH,25,,N/A,746.0 / 729.0,N/A,(No IS),,,FALSE,FALSE,Accuracy,,N/A,25,N/A,N/A,11.97,N/A,Manual,N/A,4745.839261,N/A,4745.839261,N/A,N/A,528.4032258,N/A,528.4032258,N/A,N/A,8.981472916,N/A,8.981472916,N/A,818,N/A,0.402327974,N/A,12.05904766,N/A,11.91239286,N/A,12.1584881,N/A,0.246095238,N/A,0.231496397,N/A,3.574486913,N/A,0,N/A,TRUE,N/A,FALSE,56.86351491,227.4540596,11.92194462,12.20031667,0.278372048,11.9275235,12.20031667,0.272793165,0,1.607438389,2.367408115,N/A,N/A,8,6
475,8,D:\User Data\Linda\LINDA_BenNRAex_011120\StandardCurves\NADmetB_0_025a.wiff (sample 1),NADmetB_0_025a,,,Standard,11/02/2020 5:23,1,1,14,1,5,6500PLUS\User,NADmetabolites_updatedRT.dam,FALSE,Me4Py,27,,N/A,153.1 / 136.0,N/A,(No IS),,,FALSE,FALSE,,,N/A,25,N/A,N/A,1.95,N/A,Baseline,N/A,1773660.003,N/A,1773660.003,N/A,N/A,66574.00109,N/A,66574.00109,N/A,N/A,26.64193189,N/A,26.64193189,N/A,66768,N/A,0.989553162,N/A,1.943786112,N/A,1.586783333,N/A,2.6539,N/A,1.067116667,N/A,0.443405692,N/A,170.6121803,N/A,0.002403341,N/A,FALSE,N/A,TRUE,28.50900118,114.0360047,1.658928881,2.41786602,0.758937139,1.671080526,2.330543946,0.659463419,149.9367454,1.452115968,1.646646113,N/A,N/A,33,15
478,8,D:\User Data\Linda\LINDA_BenNRAex_011120\StandardCurves\NADmetB_0_025a.wiff (sample 1),NADmetB_0_025a,,,Standard,11/02/2020 5:23,1,1,14,1,5,6500PLUS\User,NADmetabolites_updatedRT.dam,FALSE,ADPr1,30,,N/A,559.6 / 347.9,N/A,(No IS),,,FALSE,FALSE,,,N/A,25,N/A,N/A,10.3,N/A,Manual,N/A,8318.929625,N/A,8318.929625,N/A,N/A,675.3881186,N/A,675.3881186,N/A,N/A,12.31725788,N/A,12.31725788,N/A,572,N/A,1,N/A,9.898759901,N/A,9.606870584,N/A,10.24044665,N/A,0.633576062,N/A,0.235132316,N/A,10.57600335,N/A,0.016286931,N/A,TRUE,N/A,TRUE,27.54072299,110.162892,9.617969754,10.2468,0.628830246,9.631880447,10.12673609,0.494855639,-17.36176704,1.30113445,1.172933401,N/A,N/A,22,9
480,8,D:\User Data\Linda\LINDA_BenNRAex_011120\StandardCurves\NADmetB_0_025a.wiff (sample 1),NADmetB_0_025a,,,Standard,11/02/2020 5:23,1,1,14,1,5,6500PLUS\User,NADmetabolites_updatedRT.dam,FALSE,NAM1,32,,N/A,123.0 / 79.9,N/A,(No IS),,,FALSE,FALSE,Accuracy,,N/A,25,N/A,N/A,1.66,N/A,Baseline,N/A,866166.561,N/A,866166.561,N/A,N/A,35118.47624,N/A,35118.47624,N/A,N/A,24.66412708,N/A,24.66412708,N/A,35416,N/A,0,N/A,1.646919013,N/A,1.433833333,N/A,2.6539,N/A,1.220066667,N/A,0.347697309,N/A,53.37805078,N/A,0.058288406,N/A,FALSE,N/A,TRUE,32.23505565,128.9402226,1.465440724,2.650711264,1.18527054,1.470144039,2.591965883,1.121821845,1677.777171,3.151600972,5.11882928,N/A,N/A,38,12
489,8,D:\User Data\Linda\LINDA_BenNRAex_011120\StandardCurves\NADmetB_0_025a.wiff (sample 1),NADmetB_0_025a,,,Standard,11/02/2020 5:23,1,1,14,1,5,6500PLUS\User,NADmetabolites_updatedRT.dam,FALSE,NAD1,41,,N/A,664.0 / 427.8,N/A,(No IS),,,FALSE,FALSE,Accuracy,,N/A,25,N/A,N/A,11.7,N/A,Baseline,N/A,20607.4125,N/A,20607.4125,N/A,N/A,1435.082414,N/A,1435.082414,N/A,N/A,14.35974151,N/A,14.35974151,N/A,1361,N/A,0.737719786,N/A,11.78256567,N/A,11.43318333,N/A,12.00853333,N/A,0.57535,N/A,0.34718038,N/A,8.203645444,N/A,0.08849666,N/A,FALSE,N/A,TRUE,36.49468166,145.9787266,11.43318333,11.9897935,0.556610162,11.44740969,11.97900788,0.531598189,-220.7352047,0.829234983,0.654057947,N/A,N/A,13,10
495,8,D:\User Data\Linda\LINDA_BenNRAex_011120\StandardCurves\NADmetB_0_025a.wiff (sample 1),NADmetB_0_025a,,,Standard,11/02/2020 5:23,1,1,14,1,5,6500PLUS\User,NADmetabolites_updatedRT.dam,FALSE,NAMN1,47,,N/A,335.9 / 124.0,N/A,(No IS),,,FALSE,FALSE,Accuracy,,N/A,25,N/A,N/A,12.3,N/A,Baseline,N/A,54221.9275,N/A,54221.9275,N/A,N/A,2477.481748,N/A,2477.481748,N/A,N/A,21.88590392,N/A,21.88590392,N/A,2410,N/A,1,N/A,12.33085974,N/A,11.91265,N/A,12.9276,N/A,1.01495,N/A,0.458971616,N/A,19.59159993,N/A,0.049647187,N/A,FALSE,N/A,TRUE,43.67759476,174.710379,11.92211345,12.90514469,0.983031237,11.93726064,12.89126376,0.954003122,-121.1882359,1.313908827,1.657839256,N/A,N/A,24,12
498,8,D:\User Data\Linda\LINDA_BenNRAex_011120\StandardCurves\NADmetB_0_025a.wiff (sample 1),NADmetB_0_025a,,,Standard,11/02/2020 5:23,1,1,14,1,5,6500PLUS\User,NADmetabolites_updatedRT.dam,FALSE,MeNAM1,50,,N/A,137.3 / 94.1,N/A,(No IS),,,FALSE,FALSE,Accuracy,,N/A,25,N/A,N/A,8.97,N/A,Baseline,N/A,12542201.85,N/A,12542201.85,N/A,N/A,591304.6507,N/A,591304.6507,N/A,N/A,21.21106579,N/A,21.21106579,N/A,600226,N/A,0.96902104,N/A,9.20387665,N/A,8.83205,N/A,9.968383333,N/A,1.136333333,N/A,0.315378266,N/A,235.8349466,N/A,0.051538577,N/A,FALSE,N/A,TRUE,255.8193033,1023.277213,8.953983443,9.841029237,0.887045793,8.974272575,9.671215331,0.696942755,26818.71517,2.150067704,2.747123093,N/A,N/A,35,12
515,9,D:\User Data\Linda\LINDA_BenNRAex_011120\StandardCurves\NADmetB_1.wiff (sample 1),NADmetB_1,,,Standard,11/02/2020 8:23,1,1,18,1,5,6500PLUS\User,NADmetabolites_updatedRT.dam,FALSE,NaR_0_0,3,,N/A,256.0 / 124.0,N/A,(No IS),,,FALSE,FALSE,Accuracy,,N/A,1000,N/A,N/A,7.6,N/A,Baseline,N/A,3163758.82,N/A,3163758.82,N/A,N/A,85301.15356,N/A,85301.15356,N/A,N/A,37.08928528,N/A,37.08928528,N/A,91586,N/A,0,N/A,7.85866454,N/A,7.170533333,N/A,8.5932,N/A,1.422666667,N/A,0.614148413,N/A,258.6034397,N/A,0.242482067,N/A,FALSE,N/A,TRUE,1151.866321,115.1866321,7.400743618,8.5932,1.192456382,7.427640878,8.5932,1.165559122,14538.8941,1.215123172,1.513195277,N/A,N/A,55,27
537,9,D:\User Data\Linda\LINDA_BenNRAex_011120\StandardCurves\NADmetB_1.wiff (sample 1),NADmetB_1,,,Standard,11/02/2020 8:23,1,1,18,1,5,6500PLUS\User,NADmetabolites_updatedRT.dam,FALSE,NADPH,25,,N/A,746.0 / 729.0,N/A,(No IS),,,FALSE,FALSE,,,N/A,1000,N/A,N/A,11.97,N/A,Manual,N/A,92574.92277,N/A,92574.92277,N/A,N/A,3572.942296,N/A,3572.942296,N/A,N/A,25.90999661,N/A,25.90999661,N/A,3274,N/A,1,N/A,12.16857216,N/A,11.7187477,N/A,12.52788006,N/A,0.80913236,N/A,0.440649823,N/A,20.59991852,N/A,0.017282694,N/A,TRUE,N/A,TRUE,1109.21066,110.921066,11.7532256,12.57,0.816774402,11.77399268,12.57,0.796007321,76.31639791,0.824484316,0.67736812,N/A,N/A,20,11
539,9,D:\User Data\Linda\LINDA_BenNRAex_011120\StandardCurves\NADmetB_1.wiff (sample 1),NADmetB_1,,,Standard,11/02/2020 8:23,1,1,18,1,5,6500PLUS\User,NADmetabolites_updatedRT.dam,FALSE,Me4Py,27,,N/A,153.1 / 136.0,N/A,(No IS),,,FALSE,FALSE,Accuracy,,N/A,1000,N/A,N/A,1.95,N/A,Baseline,N/A,75996951.86,N/A,75996951.86,N/A,N/A,2828792.984,N/A,2828792.984,N/A,N/A,26.86550494,N/A,26.86550494,N/A,2824597,N/A,1,N/A,1.941315479,N/A,1.553333333,N/A,2.933883333,N/A,1.38055,N/A,0.438856713,N/A,496.267728,N/A,0.001933333,N/A,FALSE,N/A,TRUE,1221.54031,122.154031,1.657477072,2.436909386,0.779432314,1.668813293,2.350497494,0.681684201,3961.464634,1.699420814,2.127182436,N/A,N/A,45,15
542,9,D:\User Data\Linda\LINDA_BenNRAex_011120\StandardCurves\NADmetB_1.wiff (sample 1),NADmetB_1,,,Standard,11/02/2020 8:23,1,1,18,1,5,6500PLUS\User,NADmetabolites_updatedRT.dam,FALSE,ADPr1,30,,N/A,559.6 / 347.9,N/A,(No IS),,,FALSE,FALSE,Accuracy,,N/A,1000,N/A,N/A,10.3,N/A,Manual,N/A,234130.3183,N/A,234130.3183,N/A,N/A,10958.2221,N/A,10958.2221,N/A,N/A,21.3657212,N/A,21.3657212,N/A,9991,N/A,0.973806716,N/A,9.834781965,N/A,9.564324168,N/A,10.21620461,N/A,0.65188044,N/A,0.346806565,N/A,39.58279221,N/A,0.046290785,N/A,TRUE,N/A,TRUE,775.1139306,77.51139306,9.594172991,10.2271,0.632927009,9.608002312,10.2271,0.619097688,778.1560459,1.380568138,1.874207678,N/A,N/A,23,12
544,9,D:\User Data\Linda\LINDA_BenNRAex_011120\StandardCurves\NADmetB_1.wiff (sample 1),NADmetB_1,,,Standard,11/02/2020 8:23,1,1,18,1,5,6500PLUS\User,NADmetabolites_updatedRT.dam,FALSE,NAM1,32,,N/A,123.0 / 79.9,N/A,(No IS),,,FALSE,FALSE,Accuracy,,N/A,1000,N/A,N/A,1.66,N/A,Baseline,N/A,32365980.89,N/A,32365980.89,N/A,N/A,1488465.134,N/A,1488465.134,N/A,N/A,21.74453411,N/A,21.74453411,N/A,1501710,N/A,0.958187097,N/A,1.652469448,N/A,1.4337,N/A,2.653783333,N/A,1.220083333,N/A,0.318333675,N/A,632.350672,N/A,0.050539309,N/A,FALSE,N/A,TRUE,1204.524906,120.4524906,1.465720257,2.572451702,1.106731445,1.47086708,2.180707293,0.709840214,61656.44423,2.948981132,2.889544223,N/A,N/A,38,12
553,9,D:\User Data\Linda\LINDA_BenNRAex_011120\StandardCurves\NADmetB_1.wiff (sample 1),NADmetB_1,,,Standard,11/02/2020 8:23,1,1,18,1,5,6500PLUS\User,NADmetabolites_updatedRT.dam,FALSE,NAD1,41,,N/A,664.0 / 427.8,N/A,(No IS),,,FALSE,FALSE,,,N/A,1000,N/A,N/A,11.7,N/A,Manual,N/A,597884.6394,N/A,597884.6394,N/A,N/A,26415.89589,N/A,26415.89589,N/A,N/A,22.6335174,N/A,22.6335174,N/A,21576,N/A,0.789854903,N/A,11.63331385,N/A,11.48000801,N/A,12.31516016,N/A,0.835152151,N/A,0.381666153,N/A,30.74571538,N/A,0.030605458,N/A,TRUE,N/A,TRUE,1058.823352,105.8823352,11.43346667,12.16339258,0.729925912,11.43346667,12.12417805,0.690711385,-968.0518546,1.902996208,2.601519345,N/A,N/A,20,9
559,9,D:\User Data\Linda\LINDA_BenNRAex_011120\StandardCurves\NADmetB_1.wiff (sample 1),NADmetB_1,,,Standard,11/02/2020 8:23,1,1,18,1,5,6500PLUS\User,NADmetabolites_updatedRT.dam,FALSE,NAMN1,47,,N/A,335.9 / 124.0,N/A,(No IS),,,FALSE,FALSE,,,N/A,1000,N/A,N/A,12.3,N/A,Baseline,N/A,1210008.671,N/A,1210008.671,N/A,N/A,77281.36088,N/A,77281.36088,N/A,N/A,15.65718638,N/A,15.65718638,N/A,75324,N/A,1,N/A,12.07873935,N/A,11.76906667,N/A,12.96475,N/A,1.195683333,N/A,0.192894401,N/A,94.10402309,N/A,0.027729843,N/A,FALSE,N/A,TRUE,974.7028707,97.47028707,11.89297842,12.79413533,0.901156904,11.91768125,12.52801571,0.610334463,1792.280565,2.750981676,3.38819873,N/A,N/A,28,6
562,9,D:\User Data\Linda\LINDA_BenNRAex_011120\StandardCurves\NADmetB_1.wiff (sample 1),NADmetB_1,,,Standard,11/02/2020 8:23,1,1,18,1,5,6500PLUS\User,NADmetabolites_updatedRT.dam,FALSE,MeNAM1,50,,N/A,137.3 / 94.1,N/A,(No IS),,,FALSE,FALSE,Accuracy,,N/A,1000,N/A,N/A,8.97,N/A,Baseline,N/A,179158895,N/A,179158895,N/A,N/A,6821466.645,N/A,6821466.645,N/A,N/A,26.26398462,N/A,26.26398462,N/A,7163963,N/A,0.929728782,N/A,9.222704449,N/A,8.8319,N/A,9.9684,N/A,1.1365,N/A,0.403880181,N/A,814.0037627,N/A,0.144488576,N/A,FALSE,N/A,TRUE,3654.247017,365.4247017,8.94307628,9.9684,1.02532372,8.961026199,9.956064278,0.995038079,867245.0506,1.852612636,2.84520409,N/A,N/A,35,14
579,10,D:\User Data\Linda\LINDA_BenNRAex_011120\StandardCurves\NADmetB_1a.wiff (sample 1),NADmetB_1a,,,Standard,11/02/2020 8:48,1,1,18,1,5,6500PLUS\User,NADmetabolites_updatedRT.dam,FALSE,NaR_0_0,3,,N/A,256.0 / 124.0,N/A,(No IS),,,FALSE,FALSE,,,N/A,1000,N/A,N/A,7.6,N/A,Baseline,N/A,3144024.04,N/A,3144024.04,N/A,N/A,87001.20547,N/A,87001.20547,N/A,N/A,36.13770663,N/A,36.13770663,N/A,92482,N/A,0,N/A,7.86137715,N/A,7.17065,N/A,8.5934,N/A,1.42275,N/A,0.564101045,N/A,241.6793822,N/A,0.221594631,N/A,FALSE,N/A,TRUE,1144.681251,114.4681251,7.40410955,8.5934,1.18929045,7.426265288,8.5934,1.167134712,13550.51836,1.219892386,1.508341401,N/A,N/A,55,24
601,10,D:\User Data\Linda\LINDA_BenNRAex_011120\StandardCurves\NADmetB_1a.wiff (sample 1),NADmetB_1a,,,Standard,11/02/2020 8:48,1,1,18,1,5,6500PLUS\User,NADmetabolites_updatedRT.dam,FALSE,NADPH,25,,N/A,746.0 / 729.0,N/A,(No IS),,,FALSE,FALSE,Accuracy,,N/A,1000,N/A,N/A,11.97,N/A,Manual,N/A,66764.13588,N/A,66764.13588,N/A,N/A,3851.455232,N/A,3851.455232,N/A,N/A,17.33478175,N/A,17.33478175,N/A,3706,N/A,0.946969126,N/A,12.18449021,N/A,11.79878625,N/A,12.48168349,N/A,0.682897235,N/A,0.371614808,N/A,20.18676688,N/A,0.010911109,N/A,TRUE,N/A,TRUE,799.9519636,79.99519636,11.87392048,12.5243,0.650379525,11.91085593,12.5243,0.613444069,-61.53729639,0.769747579,0.591181497,N/A,N/A,17,10
603,10,D:\User Data\Linda\LINDA_BenNRAex_011120\StandardCurves\NADmetB_1a.wiff (sample 1),NADmetB_1a,,,Standard,11/02/2020 8:48,1,1,18,1,5,6500PLUS\User,NADmetabolites_updatedRT.dam,FALSE,Me4Py,27,,N/A,153.1 / 136.0,N/A,(No IS),,,FALSE,FALSE,Accuracy,,N/A,1000,N/A,N/A,1.95,N/A,Baseline,N/A,75044570.11,N/A,75044570.11,N/A,N/A,2788505.031,N/A,2788505.031,N/A,N/A,26.91211573,N/A,26.91211573,N/A,2783721,N/A,1,N/A,1.941602187,N/A,1.5867,N/A,2.958566667,N/A,1.371866667,N/A,0.43969031,N/A,492.7233928,N/A,0.001645685,N/A,FALSE,N/A,TRUE,1206.232161,120.6232161,1.657716318,2.439623578,0.78190726,1.668946034,2.346916613,0.67797058,3345.077267,1.706349175,2.111565383,N/A,N/A,45,15
606,10,D:\User Data\Linda\LINDA_BenNRAex_011120\StandardCurves\NADmetB_1a.wiff (sample 1),NADmetB_1a,,,Standard,11/02/2020 8:48,1,1,18,1,5,6500PLUS\User,NADmetabolites_updatedRT.dam,FALSE,ADPr1,30,,N/A,559.6 / 347.9,N/A,(No IS),,,FALSE,FALSE,Accuracy,,N/A,1000,N/A,N/A,10.3,N/A,Manual,N/A,247705.1963,N/A,247705.1963,N/A,N/A,10904.99007,N/A,10904.99007,N/A,N/A,22.71484841,N/A,22.71484841,N/A,9309,N/A,1,N/A,9.840903911,N/A,9.573767947,N/A,10.20429657,N/A,0.630528623,N/A,0.36816317,N/A,33.29663096,N/A,0.015001227,N/A,TRUE,N/A,TRUE,820.0550434,82.00550434,9.58489364,10.20756667,0.622673026,9.602006449,10.20756667,0.605560217,259.4461685,1.537542521,2.26664363,N/A,N/A,21,13
608,10,D:\User Data\Linda\LINDA_BenNRAex_011120\StandardCurves\NADmetB_1a.wiff (sample 1),NADmetB_1a,,,Standard,11/02/2020 8:48,1,1,18,1,5,6500PLUS\User,NADmetabolites_updatedRT.dam,FALSE,NAM1,32,,N/A,123.0 / 79.9,N/A,(No IS),,,FALSE,FALSE,Accuracy,,N/A,1000,N/A,N/A,1.66,N/A,Baseline,N/A,32027321.27,N/A,32027321.27,N/A,N/A,1476446.192,N/A,1476446.192,N/A,N/A,21.69216964,N/A,21.69216964,N/A,1490176,N/A,0.955895596,N/A,1.653812374,N/A,1.433716667,N/A,2.65385,N/A,1.220133333,N/A,0.328077519,N/A,687.4699869,N/A,0.051279891,N/A,FALSE,N/A,TRUE,1191.921427,119.1921427,1.466742372,2.55694591,1.090203538,1.472682707,2.187842806,0.715160099,62052.23473,2.92059023,2.957706811,N/A,N/A,38,12
617,10,D:\User Data\Linda\LINDA_BenNRAex_011120\StandardCurves\NADmetB_1a.wiff (sample 1),NADmetB_1a,,,Standard,11/02/2020 8:48,1,1,18,1,5,6500PLUS\User,NADmetabolites_updatedRT.dam,FALSE,NAD1,41,,N/A,664.0 / 427.8,N/A,(No IS),,,FALSE,FALSE,,,N/A,1000,N/A,N/A,11.7,N/A,Manual,N/A,590382.5106,N/A,590382.5106,N/A,N/A,29299.0789,N/A,29299.0789,N/A,N/A,20.1502072,N/A,20.1502072,N/A,24364,N/A,0.767787985,N/A,11.62906437,N/A,11.47701743,N/A,12.31204378,N/A,0.835026344,N/A,0.366981422,N/A,39.78221607,N/A,0.015110895,N/A,TRUE,N/A,TRUE,1045.537463,104.5537463,11.43338333,12.22475869,0.791375361,11.43338333,12.15949662,0.726113287,-530.2051813,2.063201601,2.786112558,N/A,N/A,20,9
623,10,D:\User Data\Linda\LINDA_BenNRAex_011120\StandardCurves\NADmetB_1a.wiff (sample 1),NADmetB_1a,,,Standard,11/02/2020 8:48,1,1,18,1,5,6500PLUS\User,NADmetabolites_updatedRT.dam,FALSE,NAMN1,47,,N/A,335.9 / 124.0,N/A,(No IS),,,FALSE,FALSE,,,N/A,1000,N/A,N/A,12.3,N/A,Valley,N/A,1254341.03,N/A,1254341.03,N/A,N/A,79086.50775,N/A,79086.50775,N/A,N/A,15.8603669,N/A,15.8603669,N/A,76751,N/A,1,N/A,12.08377366,N/A,11.769,N/A,13.00068333,N/A,1.231683333,N/A,0.193002422,N/A,87.4157539,N/A,0.024525244,N/A,FALSE,N/A,TRUE,1010.414084,101.0414084,11.88616332,12.82411674,0.937953417,11.91276031,12.48563139,0.572871081,1574.768327,2.146968713,1.986196848,N/A,N/A,29,6
626,10,D:\User Data\Linda\LINDA_BenNRAex_011120\StandardCurves\NADmetB_1a.wiff (sample 1),NADmetB_1a,,,Standard,11/02/2020 8:48,1,1,18,1,5,6500PLUS\User,NADmetabolites_updatedRT.dam,FALSE,MeNAM1,50,,N/A,137.3 / 94.1,N/A,(No IS),,,FALSE,FALSE,Accuracy,,N/A,1000,N/A,N/A,8.97,N/A,Baseline,N/A,174388845.4,N/A,174388845.4,N/A,N/A,6624572.759,N/A,6624572.759,N/A,N/A,26.32454225,N/A,26.32454225,N/A,6935862,N/A,0.929127916,N/A,9.221154251,N/A,8.86195,N/A,9.968666667,N/A,1.106716667,N/A,0.412312889,N/A,844.3058486,N/A,0.144033591,N/A,FALSE,N/A,TRUE,3556.953833,355.6953833,8.941049628,9.968666667,1.027617039,8.95788568,9.968666667,1.010780987,862154.7219,2.061139609,3.348424135,N/A,N/A,34,14
643,11,D:\User Data\Linda\LINDA_BenNRAex_011120\StandardCurves\NADmetB_2_5.wiff (sample 1),NADmetB_2_5,,,Standard,11/02/2020 9:14,1,1,19,1,5,6500PLUS\User,NADmetabolites_updatedRT.dam,FALSE,NaR_0_0,3,,N/A,256.0 / 124.0,N/A,(No IS),,,FALSE,FALSE,,,N/A,2500,N/A,N/A,7.6,N/A,Baseline,N/A,6660639.307,N/A,6660639.307,N/A,N/A,188417.5502,N/A,188417.5502,N/A,N/A,35.35041879,N/A,35.35041879,N/A,195746,N/A,0,N/A,7.849842966,N/A,7.170566667,N/A,8.593283333,N/A,1.422716667,N/A,0.594641614,N/A,251.8301149,N/A,0.205840698,N/A,FALSE,N/A,TRUE,2425.016107,97.00064427,7.37973214,8.593283333,1.213551193,7.410033257,8.593283333,1.183250076,27260.52271,1.429834005,2.002664137,N/A,N/A,55,26
665,11,D:\User Data\Linda\LINDA_BenNRAex_011120\StandardCurves\NADmetB_2_5.wiff (sample 1),NADmetB_2_5,,,Standard,11/02/2020 9:14,1,1,19,1,5,6500PLUS\User,NADmetabolites_updatedRT.dam,FALSE,NADPH,25,,N/A,746.0 / 729.0,N/A,(No IS),,,FALSE,FALSE,Accuracy,,N/A,2500,N/A,N/A,11.97,N/A,Manual,N/A,174145.5457,N/A,174145.5457,N/A,N/A,7285.232769,N/A,7285.232769,N/A,N/A,23.90390962,N/A,23.90390962,N/A,7413,N/A,0.961540237,N/A,12.09213051,N/A,11.76514624,N/A,12.78673047,N/A,1.021584229,N/A,0.346646121,N/A,41.66684562,N/A,0.133969638,N/A,TRUE,N/A,FALSE,2086.570423,83.46281691,11.83241664,12.81773333,0.985316695,11.86440628,12.81773333,0.953327052,955.378883,2.19430607,3.951652476,N/A,N/A,25,9
667,11,D:\User Data\Linda\LINDA_BenNRAex_011120\StandardCurves\NADmetB_2_5.wiff (sample 1),NADmetB_2_5,,,Standard,11/02/2020 9:14,1,1,19,1,5,6500PLUS\User,NADmetabolites_updatedRT.dam,FALSE,Me4Py,27,,N/A,153.1 / 136.0,N/A,(No IS),,,FALSE,FALSE,,,N/A,2500,N/A,N/A,1.95,N/A,Baseline,N/A,165355592.5,N/A,165355592.5,N/A,N/A,6195398.387,N/A,6195398.387,N/A,N/A,26.69006611,N/A,26.69006611,N/A,6185566,N/A,1,N/A,1.943054,N/A,1.58675,N/A,2.958666667,N/A,1.371916667,N/A,0.432233524,N/A,509.2748049,N/A,0.002072829,N/A,FALSE,N/A,TRUE,2657.850307,106.3140123,1.658113117,2.438866202,0.780753085,1.670313896,2.348831793,0.678517897,9360.62686,1.489303449,1.714946484,N/A,N/A,45,15
670,11,D:\User Data\Linda\LINDA_BenNRAex_011120\StandardCurves\NADmetB_2_5.wiff (sample 1),NADmetB_2_5,,,Standard,11/02/2020 9:14,1,1,19,1,5,6500PLUS\User,NADmetabolites_updatedRT.dam,FALSE,ADPr1,30,,N/A,559.6 / 347.9,N/A,(No IS),,,FALSE,FALSE,Accuracy,,N/A,2500,N/A,N/A,10.3,N/A,Valley,N/A,639705.6465,N/A,639705.6465,N/A,N/A,27705.82447,N/A,27705.82447,N/A,N/A,23.0892117,N/A,23.0892117,N/A,25173,N/A,0.98146035,N/A,9.830990584,N/A,9.4972,N/A,10.20743333,N/A,0.710233333,N/A,0.350597443,N/A,71.81700247,N/A,0.054968254,N/A,FALSE,N/A,TRUE,2117.815248,84.71260991,9.58267795,10.20743333,0.624755383,9.600102242,10.20743333,0.607331092,2144.282337,0.996932952,1.052387583,N/A,N/A,23,12
672,11,D:\User Data\Linda\LINDA_BenNRAex_011120\StandardCurves\NADmetB_2_5.wiff (sample 1),NADmetB_2_5,,,Standard,11/02/2020 9:14,1,1,19,1,5,6500PLUS\User,NADmetabolites_updatedRT.dam,FALSE,NAM1,32,,N/A,123.0 / 79.9,N/A,(No IS),,,FALSE,FALSE,,,N/A,2500,N/A,N/A,1.66,N/A,Baseline,N/A,69564017.01,N/A,69564017.01,N/A,N/A,3136345.177,N/A,3136345.177,N/A,N/A,22.17996205,N/A,22.17996205,N/A,3164174,N/A,0.959946281,N/A,1.654848621,N/A,1.4338,N/A,2.653916667,N/A,1.220116667,N/A,0.335168549,N/A,900.5134993,N/A,0.049137449,N/A,FALSE,N/A,TRUE,2588.878468,103.5551387,1.465420159,2.573680134,1.108259975,1.470242954,2.178764479,0.708521525,126309.2327,2.947032155,2.867326838,N/A,N/A,38,12
681,11,D:\User Data\Linda\LINDA_BenNRAex_011120\StandardCurves\NADmetB_2_5.wiff (sample 1),NADmetB_2_5,,,Standard,11/02/2020 9:14,1,1,19,1,5,6500PLUS\User,NADmetabolites_updatedRT.dam,FALSE,NAD1,41,,N/A,664.0 / 427.8,N/A,(No IS),,,FALSE,FALSE,,,N/A,2500,N/A,N/A,11.7,N/A,Valley,N/A,1199938.647,N/A,1199938.647,N/A,N/A,52564.60819,N/A,52564.60819,N/A,N/A,22.82788151,N/A,22.82788151,N/A,40517,N/A,0.803483777,N/A,11.6383207,N/A,11.48141667,N/A,12.24878333,N/A,0.767366667,N/A,0.362368875,N/A,31.15744185,N/A,0.024084977,N/A,FALSE,N/A,TRUE,2125.030444,85.00121778,11.48141667,12.21970756,0.738290895,11.48141667,12.1271704,0.645753733,1649.820672,2.565291505,3.487517256,N/A,N/A,17,9
687,11,D:\User Data\Linda\LINDA_BenNRAex_011120\StandardCurves\NADmetB_2_5.wiff (sample 1),NADmetB_2_5,,,Standard,11/02/2020 9:14,1,1,19,1,5,6500PLUS\User,NADmetabolites_updatedRT.dam,FALSE,NAMN1,47,,N/A,335.9 / 124.0,N/A,(No IS),,,FALSE,FALSE,,,N/A,2500,N/A,N/A,12.3,N/A,Baseline,N/A,3186002.926,N/A,3186002.926,N/A,N/A,195325.4539,N/A,195325.4539,N/A,N/A,16.31125315,N/A,16.31125315,N/A,189492,N/A,1,N/A,12.08023637,N/A,11.76918333,N/A,13.18145,N/A,1.412266667,N/A,0.203596074,N/A,74.92300251,N/A,0.025316721,N/A,FALSE,N/A,TRUE,2566.433012,102.6573205,11.88286173,12.81273396,0.929872237,11.90953763,12.7834415,0.873903874,3501.463369,2.670947455,4.928964341,N/A,N/A,36,6
690,11,D:\User Data\Linda\LINDA_BenNRAex_011120\StandardCurves\NADmetB_2_5.wiff (sample 1),NADmetB_2_5,,,Standard,11/02/2020 9:14,1,1,19,1,5,6500PLUS\User,NADmetabolites_updatedRT.dam,FALSE,MeNAM1,50,,N/A,137.3 / 94.1,N/A,(No IS),,,FALSE,FALSE,Accuracy,,N/A,2500,N/A,N/A,8.97,N/A,Baseline,N/A,279605548.2,N/A,279605548.2,N/A,N/A,10570171.83,N/A,10570171.83,N/A,N/A,26.45231817,N/A,26.45231817,N/A,11143037,N/A,0.922945688,N/A,9.220195475,N/A,8.831983333,N/A,9.968516667,N/A,1.136533333,N/A,0.391832139,N/A,905.461269,N/A,0.159733638,N/A,FALSE,N/A,TRUE,5703.025465,228.1210186,8.936337487,9.968516667,1.032179179,8.954487347,9.968516667,1.014029319,1485580.713,1.820127492,2.820816337,N/A,N/A,35,14
707,12,D:\User Data\Linda\LINDA_BenNRAex_011120\StandardCurves\NADmetB_2_5a.wiff (sample 1),NADmetB_2_5a,,,Standard,11/02/2020 9:40,1,1,19,1,5,6500PLUS\User,NADmetabolites_updatedRT.dam,FALSE,NaR_0_0,3,,N/A,256.0 / 124.0,N/A,(No IS),,,FALSE,FALSE,,,N/A,2500,N/A,N/A,7.6,N/A,Baseline,N/A,6758148.511,N/A,6758148.511,N/A,N/A,182264.9747,N/A,182264.9747,N/A,N/A,37.07870107,N/A,37.07870107,N/A,192692,N/A,0,N/A,7.855104546,N/A,7.19255,N/A,8.5934,N/A,1.40085,N/A,0.603846568,N/A,279.2983256,N/A,0.209211891,N/A,FALSE,N/A,TRUE,2460.517412,98.4206965,7.38924105,8.5934,1.20415895,7.41670488,8.5934,1.17669512,27220.61605,1.198464764,1.477713027,N/A,N/A,54,26
729,12,D:\User Data\Linda\LINDA_BenNRAex_011120\StandardCurves\NADmetB_2_5a.wiff (sample 1),NADmetB_2_5a,,,Standard,11/02/2020 9:40,1,1,19,1,5,6500PLUS\User,NADmetabolites_updatedRT.dam,FALSE,NADPH,25,,N/A,746.0 / 729.0,N/A,(No IS),,,FALSE,FALSE,Accuracy,,N/A,2500,N/A,N/A,11.97,N/A,Manual,N/A,168580.7211,N/A,168580.7211,N/A,N/A,6639.521594,N/A,6639.521594,N/A,N/A,25.39049218,N/A,25.39049218,N/A,7003,N/A,0.89136088,N/A,12.09486237,N/A,11.82043333,N/A,12.74646685,N/A,0.926033513,N/A,0.36081805,N/A,38.29396582,N/A,0.121762454,N/A,TRUE,N/A,FALSE,2019.894021,80.79576086,11.85471405,12.78061667,0.925902615,11.86867621,12.73756881,0.8688926,873.0185609,1.554035729,2.060122582,N/A,N/A,22,9
731,12,D:\User Data\Linda\LINDA_BenNRAex_011120\StandardCurves\NADmetB_2_5a.wiff (sample 1),NADmetB_2_5a,,,Standard,11/02/2020 9:40,1,1,19,1,5,6500PLUS\User,NADmetabolites_updatedRT.dam,FALSE,Me4Py,27,,N/A,153.1 / 136.0,N/A,(No IS),,,FALSE,FALSE,,,N/A,2500,N/A,N/A,1.95,N/A,Baseline,N/A,165644139.8,N/A,165644139.8,N/A,N/A,6254379.599,N/A,6254379.599,N/A,N/A,26.48450372,N/A,26.48450372,N/A,6242934,N/A,1,N/A,1.944104201,N/A,1.407383333,N/A,2.958866667,N/A,1.551483333,N/A,0.431930116,N/A,512.5481258,N/A,0.002104445,N/A,FALSE,N/A,TRUE,2662.488283,106.4995313,1.657418284,2.436950017,0.779531733,1.668466586,2.344633163,0.676166577,8483.49429,1.698091543,2.094818803,N/A,N/A,51,15
734,12,D:\User Data\Linda\LINDA_BenNRAex_011120\StandardCurves\NADmetB_2_5a.wiff (sample 1),NADmetB_2_5a,,,Standard,11/02/2020 9:40,1,1,19,1,5,6500PLUS\User,NADmetabolites_updatedRT.dam,FALSE,ADPr1,30,,N/A,559.6 / 347.9,N/A,(No IS),,,FALSE,FALSE,,,N/A,2500,N/A,N/A,10.3,N/A,Valley,N/A,648834.0478,N/A,648834.0478,N/A,N/A,27266.91504,N/A,27266.91504,N/A,N/A,23.79565297,N/A,23.79565297,N/A,23962,N/A,1,N/A,9.830125507,N/A,9.497366667,N/A,10.28655,N/A,0.789183333,N/A,0.360165475,N/A,46.69882982,N/A,0.080987434,N/A,FALSE,N/A,TRUE,2148.035815,85.9214326,9.586192739,10.28655,0.700357261,9.603414615,10.28655,0.683135385,2798.180593,2.123059105,3.624568862,N/A,N/A,27,13
736,12,D:\User Data\Linda\LINDA_BenNRAex_011120\StandardCurves\NADmetB_2_5a.wiff (sample 1),NADmetB_2_5a,,,Standard,11/02/2020 9:40,1,1,19,1,5,6500PLUS\User,NADmetabolites_updatedRT.dam,FALSE,NAM1,32,,N/A,123.0 / 79.9,N/A,(No IS),,,FALSE,FALSE,,,N/A,2500,N/A,N/A,1.66,N/A,Baseline,N/A,70088224.26,N/A,70088224.26,N/A,N/A,3254274.782,N/A,3254274.782,N/A,N/A,21.5372791,N/A,21.5372791,N/A,3282508,N/A,0.958442296,N/A,1.651140995,N/A,1.43385,N/A,2.65395,N/A,1.2201,N/A,0.325974271,N/A,842.210281,N/A,0.049226943,N/A,FALSE,N/A,TRUE,2608.387245,104.3354898,1.465279427,2.542773054,1.077493627,1.46998236,2.161372553,0.691390193,131299.0738,2.861809477,2.766747634,N/A,N/A,38,12
745,12,D:\User Data\Linda\LINDA_BenNRAex_011120\StandardCurves\NADmetB_2_5a.wiff (sample 1),NADmetB_2_5a,,,Standard,11/02/2020 9:40,1,1,19,1,5,6500PLUS\User,NADmetabolites_updatedRT.dam,FALSE,NAD1,41,,N/A,664.0 / 427.8,N/A,(No IS),,,FALSE,FALSE,,,N/A,2500,N/A,N/A,11.7,N/A,Valley,N/A,1257384.876,N/A,1257384.876,N/A,N/A,58119.46283,N/A,58119.46283,N/A,N/A,21.63448894,N/A,21.63448894,N/A,46396,N/A,0.793963982,N/A,11.64166559,N/A,11.48131667,N/A,12.34205,N/A,0.860733333,N/A,0.34313826,N/A,38.76224116,N/A,0.009486819,N/A,FALSE,N/A,TRUE,2226.7648,89.07059198,11.48131667,12.21815829,0.736841628,11.48131667,12.11970904,0.638392375,640.5803338,1.920191873,2.327270892,N/A,N/A,19,9
751,12,D:\User Data\Linda\LINDA_BenNRAex_011120\StandardCurves\NADmetB_2_5a.wiff (sample 1),NADmetB_2_5a,,,Standard,11/02/2020 9:40,1,1,19,1,5,6500PLUS\User,NADmetabolites_updatedRT.dam,FALSE,NAMN1,47,,N/A,335.9 / 124.0,N/A,(No IS),,,FALSE,FALSE,,,N/A,2500,N/A,N/A,12.3,N/A,Baseline,N/A,3064133.39,N/A,3064133.39,N/A,N/A,199698.9871,N/A,199698.9871,N/A,N/A,15.3437603,N/A,15.3437603,N/A,195007,N/A,1,N/A,12.07561373,N/A,11.76906667,N/A,13.03496667,N/A,1.2659,N/A,0.190305495,N/A,91.94451672,N/A,0.028272552,N/A,FALSE,N/A,TRUE,2468.262983,98.73051931,11.88484833,12.64813276,0.763284437,11.91256663,12.46665554,0.554088904,4460.067936,2.220334541,2.843390356,N/A,N/A,30,6
754,12,D:\User Data\Linda\LINDA_BenNRAex_011120\StandardCurves\NADmetB_2_5a.wiff (sample 1),NADmetB_2_5a,,,Standard,11/02/2020 9:40,1,1,19,1,5,6500PLUS\User,NADmetabolites_updatedRT.dam,FALSE,MeNAM1,50,,N/A,137.3 / 94.1,N/A,(No IS),,,FALSE,FALSE,Accuracy,,N/A,2500,N/A,N/A,8.97,N/A,Baseline,N/A,272497231.5,N/A,272497231.5,N/A,N/A,10544381.84,N/A,10544381.84,N/A,N/A,25.8428835,N/A,25.8428835,N/A,11150168,N/A,0.902750332,N/A,9.219803678,N/A,8.8323,N/A,9.96865,N/A,1.13635,N/A,0.393056726,N/A,924.0708548,N/A,0.176702819,N/A,FALSE,N/A,TRUE,5558.039389,222.3215756,8.941812766,9.96865,1.026837234,8.959039203,9.96865,1.009610797,1639655.036,2.065899906,3.365051535,N/A,N/A,35,14
771,13,D:\User Data\Linda\LINDA_BenNRAex_011120\StandardCurves\NADmetB_5.wiff (sample 1),NADmetB_5,,,Standard,11/02/2020 10:05,1,1,20,1,5,6500PLUS\User,NADmetabolites_updatedRT.dam,FALSE,NaR_0_0,3,,N/A,256.0 / 124.0,N/A,(No IS),,,FALSE,FALSE,,,N/A,5000,N/A,N/A,7.6,N/A,Baseline,N/A,13128090.38,N/A,13128090.38,N/A,N/A,359188.9613,N/A,359188.9613,N/A,N/A,36.54925902,N/A,36.54925902,N/A,374773,N/A,0,N/A,7.855401966,N/A,7.165866667,N/A,8.5889,N/A,1.423033333,N/A,0.600200474,N/A,281.2806879,N/A,0.201971686,N/A,FALSE,N/A,TRUE,4779.695936,95.59391872,7.389267397,8.5889,1.199632603,7.417547424,8.5889,1.171352576,50979.83181,1.321280417,1.751682756,N/A,N/A,55,26
793,13,D:\User Data\Linda\LINDA_BenNRAex_011120\StandardCurves\NADmetB_5.wiff (sample 1),NADmetB_5,,,Standard,11/02/2020 10:05,1,1,20,1,5,6500PLUS\User,NADmetabolites_updatedRT.dam,FALSE,NADPH,25,,N/A,746.0 / 729.0,N/A,(No IS),,,FALSE,FALSE,,,N/A,5000,N/A,N/A,11.97,N/A,Manual,N/A,400912.7843,N/A,400912.7843,N/A,N/A,20381.6129,N/A,20381.6129,N/A,N/A,19.67031688,N/A,19.67031688,N/A,20720,N/A,0.874564739,N/A,12.07305795,N/A,11.82167302,N/A,12.49709683,N/A,0.67542381,N/A,0.245158384,N/A,87.8705602,N/A,0,N/A,TRUE,N/A,TRUE,4803.641429,96.07282858,11.86361322,12.51723333,0.65362011,11.88013823,12.51723333,0.637095099,0,1.39710115,1.930586297,N/A,N/A,16,7
795,13,D:\User Data\Linda\LINDA_BenNRAex_011120\StandardCurves\NADmetB_5.wiff (sample 1),NADmetB_5,,,Standard,11/02/2020 10:05,1,1,20,1,5,6500PLUS\User,NADmetabolites_updatedRT.dam,FALSE,Me4Py,27,,N/A,153.1 / 136.0,N/A,(No IS),,,FALSE,FALSE,,,N/A,5000,N/A,N/A,1.95,N/A,Baseline,N/A,322737615.4,N/A,322737615.4,N/A,N/A,12090704.11,N/A,12090704.11,N/A,N/A,26.69303728,N/A,26.69303728,N/A,12068846,N/A,1,N/A,1.944003587,N/A,1.586666667,N/A,2.9585,N/A,1.371833333,N/A,0.437070205,N/A,517.9142624,N/A,0.002467681,N/A,FALSE,N/A,TRUE,5187.537095,103.7507419,1.657304059,2.447082672,0.789778613,1.66904965,2.352809322,0.683759671,21748.99769,1.333277986,1.403933543,N/A,N/A,45,15
798,13,D:\User Data\Linda\LINDA_BenNRAex_011120\StandardCurves\NADmetB_5.wiff (sample 1),NADmetB_5,,,Standard,11/02/2020 10:05,1,1,20,1,5,6500PLUS\User,NADmetabolites_updatedRT.dam,FALSE,ADPr1,30,,N/A,559.6 / 347.9,N/A,(No IS),,,FALSE,FALSE,,,N/A,5000,N/A,N/A,10.3,N/A,Valley,N/A,1593682.321,N/A,1593682.321,N/A,N/A,65690.45398,N/A,65690.45398,N/A,N/A,24.26048572,N/A,24.26048572,N/A,58160,N/A,1,N/A,9.823499454,N/A,9.49265,N/A,10.30681667,N/A,0.814166667,N/A,0.357954366,N/A,64.68585227,N/A,0.034390899,N/A,FALSE,N/A,TRUE,5276.058978,105.5211796,9.574969824,10.30681667,0.731846843,9.590607327,10.30681667,0.71620934,2774.805076,1.156289463,1.380809254,N/A,N/A,28,13
800,13,D:\User Data\Linda\LINDA_BenNRAex_011120\StandardCurves\NADmetB_5.wiff (sample 1),NADmetB_5,,,Standard,11/02/2020 10:05,1,1,20,1,5,6500PLUS\User,NADmetabolites_updatedRT.dam,FALSE,NAM1,32,,N/A,123.0 / 79.9,N/A,(No IS),,,FALSE,FALSE,,,N/A,5000,N/A,N/A,1.66,N/A,Baseline,N/A,131612294,N/A,131612294,N/A,N/A,6189981.08,N/A,6189981.08,N/A,N/A,21.26214802,N/A,21.26214802,N/A,6241239,N/A,0.960483712,N/A,1.647916611,N/A,1.433683333,N/A,2.653783333,N/A,1.2201,N/A,0.320921208,N/A,1124.409256,N/A,0.045557328,N/A,FALSE,N/A,TRUE,4898.052882,97.96105765,1.465129951,2.523700936,1.058570985,1.469847128,2.130647347,0.660800219,231127.7764,2.811807949,2.600707717,N/A,N/A,38,12
809,13,D:\User Data\Linda\LINDA_BenNRAex_011120\StandardCurves\NADmetB_5.wiff (sample 1),NADmetB_5,,,Standard,11/02/2020 10:05,1,1,20,1,5,6500PLUS\User,NADmetabolites_updatedRT.dam,FALSE,NAD1,41,,N/A,664.0 / 427.8,N/A,(No IS),,,FALSE,FALSE,,,N/A,5000,N/A,N/A,11.7,N/A,Manual,N/A,2944380.665,N/A,2944380.665,N/A,N/A,114321.4179,N/A,114321.4179,N/A,N/A,25.7552847,N/A,25.7552847,N/A,89670,N/A,0.931020927,N/A,11.62584535,N/A,11.39040824,N/A,12.25604337,N/A,0.865635125,N/A,0.454667203,N/A,33.9542591,N/A,0,N/A,TRUE,N/A,TRUE,5214.348724,104.2869745,11.37836667,12.20249533,0.824128663,11.37836667,12.12206307,0.743696402,0,1.432436842,1.585271385,N/A,N/A,20,11
815,13,D:\User Data\Linda\LINDA_BenNRAex_011120\StandardCurves\NADmetB_5.wiff (sample 1),NADmetB_5,,,Standard,11/02/2020 10:05,1,1,20,1,5,6500PLUS\User,NADmetabolites_updatedRT.dam,FALSE,NAMN1,47,,N/A,335.9 / 124.0,N/A,(No IS),,,FALSE,FALSE,Accuracy,,N/A,5000,N/A,N/A,12.3,N/A,Baseline,N/A,7218597.549,N/A,7218597.549,N/A,N/A,471573.8943,N/A,471573.8943,N/A,N/A,15.30745793,N/A,15.30745793,N/A,461719,N/A,1,N/A,12.07443011,N/A,11.76193333,N/A,13.14196667,N/A,1.380033333,N/A,0.191610158,N/A,99.37294255,N/A,0.023684517,N/A,FALSE,N/A,FALSE,5814.824242,116.2964848,11.88033511,12.63973928,0.759404174,11.90710425,12.41487716,0.507772911,8093.282771,1.748182264,1.666467194,N/A,N/A,34,6
818,13,D:\User Data\Linda\LINDA_BenNRAex_011120\StandardCurves\NADmetB_5.wiff (sample 1),NADmetB_5,,,Standard,11/02/2020 10:05,1,1,20,1,5,6500PLUS\User,NADmetabolites_updatedRT.dam,FALSE,MeNAM1,50,,N/A,137.3 / 94.1,N/A,(No IS),,,FALSE,FALSE,Accuracy,,N/A,5000,N/A,N/A,8.97,N/A,Baseline,N/A,413975805.3,N/A,413975805.3,N/A,N/A,16071323.42,N/A,16071323.42,N/A,N/A,25.75866309,N/A,25.75866309,N/A,17072284,N/A,0.905339482,N/A,9.227818675,N/A,8.857433333,N/A,9.96395,N/A,1.106516667,N/A,0.385296336,N/A,896.6631288,N/A,0.176464559,N/A,FALSE,N/A,TRUE,8443.732875,168.8746575,8.943599106,9.96395,1.020350894,8.960727731,9.96395,1.003222269,2563015.168,1.876443707,2.937979228,N/A,N/A,34,14
835,14,D:\User Data\Linda\LINDA_BenNRAex_011120\StandardCurves\NADmetB_5a.wiff (sample 1),NADmetB_5a,,,Standard,11/02/2020 10:31,1,1,20,1,5,6500PLUS\User,NADmetabolites_updatedRT.dam,FALSE,NaR_0_0,3,,N/A,256.0 / 124.0,N/A,(No IS),,,FALSE,FALSE,,,N/A,5000,N/A,N/A,7.6,N/A,Baseline,N/A,13320379.4,N/A,13320379.4,N/A,N/A,365501.4856,N/A,365501.4856,N/A,N/A,36.44411836,N/A,36.44411836,N/A,385285,N/A,0,N/A,7.856593674,N/A,7.192233333,N/A,8.593283333,N/A,1.40105,N/A,0.605059985,N/A,276.3954114,N/A,0.210486149,N/A,FALSE,N/A,TRUE,4849.704828,96.99409655,7.395997178,8.593283333,1.197286155,7.424025912,8.593283333,1.169257422,54910.95964,1.263841333,1.623766809,N/A,N/A,54,26
857,14,D:\User Data\Linda\LINDA_BenNRAex_011120\StandardCurves\NADmetB_5a.wiff (sample 1),NADmetB_5a,,,Standard,11/02/2020 10:31,1,1,20,1,5,6500PLUS\User,NADmetabolites_updatedRT.dam,FALSE,NADPH,25,,N/A,746.0 / 729.0,N/A,(No IS),,,FALSE,FALSE,,,N/A,5000,N/A,N/A,11.97,N/A,Manual,N/A,433130.2295,N/A,433130.2295,N/A,N/A,19808.70968,N/A,19808.70968,N/A,N/A,21.8656458,N/A,21.8656458,N/A,19992,N/A,0.893356862,N/A,12.09644177,N/A,11.79241006,N/A,12.49998098,N/A,0.707570917,N/A,0.334934912,N/A,69.31970025,N/A,0,N/A,TRUE,N/A,TRUE,5189.663178,103.7932636,11.84630991,12.52416667,0.677856756,11.87135003,12.52416667,0.652816635,0,1.61222938,2.525245685,N/A,N/A,17,9
859,14,D:\User Data\Linda\LINDA_BenNRAex_011120\StandardCurves\NADmetB_5a.wiff (sample 1),NADmetB_5a,,,Standard,11/02/2020 10:31,1,1,20,1,5,6500PLUS\User,NADmetabolites_updatedRT.dam,FALSE,Me4Py,27,,N/A,153.1 / 136.0,N/A,(No IS),,,FALSE,FALSE,,,N/A,5000,N/A,N/A,1.95,N/A,Baseline,N/A,326332096.5,N/A,326332096.5,N/A,N/A,12259149.15,N/A,12259149.15,N/A,N/A,26.61947355,N/A,26.61947355,N/A,12239011,N/A,1,N/A,1.950012557,N/A,1.5867,N/A,2.958516667,N/A,1.371816667,N/A,0.433255185,N/A,519.2439309,N/A,0.002113931,N/A,FALSE,N/A,TRUE,5245.313144,104.9062629,1.657982093,2.442347548,0.784365455,1.670477474,2.352840214,0.682362739,18891.00827,1.326953415,1.41069993,N/A,N/A,45,15
862,14,D:\User Data\Linda\LINDA_BenNRAex_011120\StandardCurves\NADmetB_5a.wiff (sample 1),NADmetB_5a,,,Standard,11/02/2020 10:31,1,1,20,1,5,6500PLUS\User,NADmetabolites_updatedRT.dam,FALSE,ADPr1,30,,N/A,559.6 / 347.9,N/A,(No IS),,,FALSE,FALSE,,,N/A,5000,N/A,N/A,10.3,N/A,Valley,N/A,1570902.119,N/A,1570902.119,N/A,N/A,63518.36195,N/A,63518.36195,N/A,N/A,24.73146458,N/A,24.73146458,N/A,57078,N/A,1,N/A,9.819984164,N/A,9.49705,N/A,10.30836667,N/A,0.811316667,N/A,0.361840732,N/A,61.25369958,N/A,0.057455715,N/A,FALSE,N/A,TRUE,5200.642636,104.0128527,9.579661907,10.30836667,0.72870476,9.592483717,10.30836667,0.71588295,4498.234859,1.756580243,2.678747996,N/A,N/A,28,13
864,14,D:\User Data\Linda\LINDA_BenNRAex_011120\StandardCurves\NADmetB_5a.wiff (sample 1),NADmetB_5a,,,Standard,11/02/2020 10:31,1,1,20,1,5,6500PLUS\User,NADmetabolites_updatedRT.dam,FALSE,NAM1,32,,N/A,123.0 / 79.9,N/A,(No IS),,,FALSE,FALSE,,,N/A,5000,N/A,N/A,1.66,N/A,Baseline,N/A,131946361.1,N/A,131946361.1,N/A,N/A,6286106.591,N/A,6286106.591,N/A,N/A,20.9901565,N/A,20.9901565,N/A,6336404,N/A,0.960792974,N/A,1.650130462,N/A,1.433733333,N/A,2.6538,N/A,1.220066667,N/A,0.316721588,N/A,999.1813589,N/A,0.044766979,N/A,FALSE,N/A,TRUE,4910.485448,98.20970897,1.465493416,2.521822919,1.056329503,1.470410822,2.128511082,0.65810026,230651.3305,2.810783636,2.596388959,N/A,N/A,38,12
873,14,D:\User Data\Linda\LINDA_BenNRAex_011120\StandardCurves\NADmetB_5a.wiff (sample 1),NADmetB_5a,,,Standard,11/02/2020 10:31,1,1,20,1,5,6500PLUS\User,NADmetabolites_updatedRT.dam,FALSE,NAD1,41,,N/A,664.0 / 427.8,N/A,(No IS),,,FALSE,FALSE,,,N/A,5000,N/A,N/A,11.7,N/A,Manual,N/A,2875440.732,N/A,2875440.732,N/A,N/A,115162.1985,N/A,115162.1985,N/A,N/A,24.96861617,N/A,24.96861617,N/A,90298,N/A,0.94926924,N/A,11.62930043,N/A,11.40030197,N/A,12.23235317,N/A,0.832051203,N/A,0.456037506,N/A,37.97951102,N/A,0.031419151,N/A,TRUE,N/A,TRUE,5092.2596,101.845192,11.3853,12.14217413,0.756874128,11.3853,12.09881806,0.713518057,-4348.648849,1.315463985,1.480220348,N/A,N/A,19,11
879,14,D:\User Data\Linda\LINDA_BenNRAex_011120\StandardCurves\NADmetB_5a.wiff (sample 1),NADmetB_5a,,,Standard,11/02/2020 10:31,1,1,20,1,5,6500PLUS\User,NADmetabolites_updatedRT.dam,FALSE,NAMN1,47,,N/A,335.9 / 124.0,N/A,(No IS),,,FALSE,FALSE,Accuracy,,N/A,5000,N/A,N/A,12.3,N/A,Valley,N/A,7372238.921,N/A,7372238.921,N/A,N/A,498321.1678,N/A,498321.1678,N/A,N/A,14.79415164,N/A,14.79415164,N/A,488191,N/A,1,N/A,12.07504777,N/A,11.76888333,N/A,13.0686,N/A,1.299716667,N/A,0.189622902,N/A,98.43240015,N/A,0.023246875,N/A,FALSE,N/A,FALSE,5938.587559,118.7717512,11.88345464,12.62999316,0.746538519,11.91085775,12.43740939,0.526551637,8913.027067,2.156644778,2.614549706,N/A,N/A,31,6
882,14,D:\User Data\Linda\LINDA_BenNRAex_011120\StandardCurves\NADmetB_5a.wiff (sample 1),NADmetB_5a,,,Standard,11/02/2020 10:31,1,1,20,1,5,6500PLUS\User,NADmetabolites_updatedRT.dam,FALSE,MeNAM1,50,,N/A,137.3 / 94.1,N/A,(No IS),,,FALSE,FALSE,Accuracy,,N/A,5000,N/A,N/A,8.97,N/A,Baseline,N/A,409520787.5,N/A,409520787.5,N/A,N/A,15953289.54,N/A,15953289.54,N/A,N/A,25.66999028,N/A,25.66999028,N/A,16923161,N/A,0.894906903,N/A,9.227016343,N/A,8.861833333,N/A,9.96835,N/A,1.106516667,N/A,0.391153616,N/A,940.228949,N/A,0.185819357,N/A,FALSE,N/A,TRUE,8352.865293,167.0573059,8.944846,9.96835,1.023504,8.964045523,9.96835,1.004304477,2679064.934,2.087329641,3.444392598,N/A,N/A,34,14
899,15,D:\User Data\Linda\LINDA_BenNRAex_011120\StandardCurves\NADmetB_10.wiff (sample 1),NADmetB_10,,,Standard,11/02/2020 10:57,1,1,21,1,5,6500PLUS\User,NADmetabolites_updatedRT.dam,FALSE,NaR_0_0,3,,N/A,256.0 / 124.0,N/A,(No IS),,,FALSE,FALSE,,,N/A,10000,N/A,N/A,7.6,N/A,Baseline,N/A,27711589.68,N/A,27711589.68,N/A,N/A,765535.5024,N/A,765535.5024,N/A,N/A,36.19896085,N/A,36.19896085,N/A,795106,N/A,0,N/A,7.852613806,N/A,7.1704,N/A,8.59305,N/A,1.42265,N/A,0.58682671,N/A,267.2338794,N/A,0.183468957,N/A,FALSE,N/A,TRUE,10089.27946,100.8927946,7.384169211,8.59305,1.208880789,7.417618703,8.584916136,1.167297433,98725.61769,1.245590528,1.583575993,N/A,N/A,55,25
921,15,D:\User Data\Linda\LINDA_BenNRAex_011120\StandardCurves\NADmetB_10.wiff (sample 1),NADmetB_10,,,Standard,11/02/2020 10:57,1,1,21,1,5,6500PLUS\User,NADmetabolites_updatedRT.dam,FALSE,NADPH,25,,N/A,746.0 / 729.0,N/A,(No IS),,,FALSE,FALSE,Accuracy,,N/A,10000,N/A,N/A,11.97,N/A,Manual,N/A,1054815.128,N/A,1054815.128,N/A,N/A,60806.71154,N/A,60806.71154,N/A,N/A,17.34701815,N/A,17.34701815,N/A,60999,N/A,0.752094123,N/A,12.05904982,N/A,11.76438902,N/A,12.29963725,N/A,0.535248233,N/A,0.301053963,N/A,134.0681854,N/A,0,N/A,TRUE,N/A,FALSE,12638.54347,126.3854347,11.82001209,12.3414,0.521387906,11.85447259,12.3414,0.486927414,0,1.104302048,1.415185796,N/A,N/A,14,8
923,15,D:\User Data\Linda\LINDA_BenNRAex_011120\StandardCurves\NADmetB_10.wiff (sample 1),NADmetB_10,,,Standard,11/02/2020 10:57,1,1,21,1,5,6500PLUS\User,NADmetabolites_updatedRT.dam,FALSE,Me4Py,27,,N/A,153.1 / 136.0,N/A,(No IS),,,FALSE,FALSE,,,N/A,10000,N/A,N/A,1.95,N/A,Baseline,N/A,615814588.8,N/A,615814588.8,N/A,N/A,23151377.59,N/A,23151377.59,N/A,N/A,26.59947929,N/A,26.59947929,N/A,23111595,N/A,1,N/A,1.94979978,N/A,1.586666667,N/A,2.958466667,N/A,1.3718,N/A,0.435450847,N/A,555.7502487,N/A,0.002270232,N/A,FALSE,N/A,TRUE,9898.322571,98.98322571,1.658528693,2.457046692,0.798517999,1.670669098,2.370092008,0.699422911,38313.89415,1.526192346,1.803700134,N/A,N/A,45,15
926,15,D:\User Data\Linda\LINDA_BenNRAex_011120\StandardCurves\NADmetB_10.wiff (sample 1),NADmetB_10,,,Standard,11/02/2020 10:57,1,1,21,1,5,6500PLUS\User,NADmetabolites_updatedRT.dam,FALSE,ADPr1,30,,N/A,559.6 / 347.9,N/A,(No IS),,,FALSE,FALSE,Accuracy,,N/A,10000,N/A,N/A,10.3,N/A,Valley,N/A,4001965.044,N/A,4001965.044,N/A,N/A,166560.441,N/A,166560.441,N/A,N/A,24.02710404,N/A,24.02710404,N/A,147820,N/A,1,N/A,9.802959334,N/A,9.496833333,N/A,10.30811667,N/A,0.811283333,N/A,0.345026363,N/A,69.95188769,N/A,0.032755742,N/A,FALSE,N/A,FALSE,13248.94135,132.4894135,9.564013448,10.30811667,0.744103219,9.577601831,10.30811667,0.730514836,6724.914155,1.99398941,3.222673794,N/A,N/A,28,11
928,15,D:\User Data\Linda\LINDA_BenNRAex_011120\StandardCurves\NADmetB_10.wiff (sample 1),NADmetB_10,,,Standard,11/02/2020 10:57,1,1,21,1,5,6500PLUS\User,NADmetabolites_updatedRT.dam,FALSE,NAM1,32,,N/A,123.0 / 79.9,N/A,(No IS),,,FALSE,FALSE,,,N/A,10000,N/A,N/A,1.66,N/A,Baseline,N/A,242328273.8,N/A,242328273.8,N/A,N/A,11512513.61,N/A,11512513.61,N/A,N/A,21.04911941,N/A,21.04911941,N/A,11610808,N/A,0.963869899,N/A,1.649756608,N/A,1.4337,N/A,2.653766667,N/A,1.220066667,N/A,0.320286706,N/A,1401.266816,N/A,0.041191873,N/A,FALSE,N/A,FALSE,9018.433342,90.18433342,1.466447766,2.46381793,0.997370164,1.471994675,2.085804056,0.613809381,388685.3177,2.264154475,1.858845639,N/A,N/A,38,12
937,15,D:\User Data\Linda\LINDA_BenNRAex_011120\StandardCurves\NADmetB_10.wiff (sample 1),NADmetB_10,,,Standard,11/02/2020 10:57,1,1,21,1,5,6500PLUS\User,NADmetabolites_updatedRT.dam,FALSE,NAD1,41,,N/A,664.0 / 427.8,N/A,(No IS),,,FALSE,FALSE,,,N/A,10000,N/A,N/A,11.7,N/A,Valley,N/A,6487529.009,N/A,6487529.009,N/A,N/A,265231.7453,N/A,265231.7453,N/A,N/A,24.45985114,N/A,24.45985114,N/A,211131,N/A,0.925051741,N/A,11.61714392,N/A,11.38486667,N/A,12.3414,N/A,0.956533333,N/A,0.428653446,N/A,38.36304496,N/A,0.004576278,N/A,FALSE,N/A,FALSE,11489.08462,114.8908462,11.38486667,12.17052206,0.785655394,11.38486667,12.10621419,0.721347527,1268.930467,1.365565574,1.507581207,N/A,N/A,21,10
943,15,D:\User Data\Linda\LINDA_BenNRAex_011120\StandardCurves\NADmetB_10.wiff (sample 1),NADmetB_10,,,Standard,11/02/2020 10:57,1,1,21,1,5,6500PLUS\User,NADmetabolites_updatedRT.dam,FALSE,NAMN1,47,,N/A,335.9 / 124.0,N/A,(No IS),,,FALSE,FALSE,Accuracy,,N/A,10000,N/A,N/A,12.3,N/A,Valley,N/A,18586985.43,N/A,18586985.43,N/A,N/A,1253922.218,N/A,1253922.218,N/A,N/A,14.82307688,N/A,14.82307688,N/A,1230493,N/A,1,N/A,12.07227219,N/A,11.76841667,N/A,13.06816667,N/A,1.29975,N/A,0.189231064,N/A,121.2895064,N/A,0.017925603,N/A,FALSE,N/A,FALSE,14972.44482,149.7244482,11.87418719,12.59366212,0.719474929,11.89529633,12.40493524,0.509638911,17293.5658,1.977708077,2.16965237,N/A,N/A,31,6
946,15,D:\User Data\Linda\LINDA_BenNRAex_011120\StandardCurves\NADmetB_10.wiff (sample 1),NADmetB_10,,,Standard,11/02/2020 10:57,1,1,21,1,5,6500PLUS\User,NADmetabolites_updatedRT.dam,FALSE,MeNAM1,50,,N/A,137.3 / 94.1,N/A,(No IS),,,FALSE,FALSE,Accuracy,,N/A,10000,N/A,N/A,8.97,N/A,Baseline,N/A,617498519.6,N/A,617498519.6,N/A,N/A,23911600.83,N/A,23911600.83,N/A,N/A,25.82422331,N/A,25.82422331,N/A,25643718,N/A,0.898021472,N/A,9.235371896,N/A,8.8616,N/A,9.9681,N/A,1.1065,N/A,0.396088186,N/A,978.3169636,N/A,0.190734323,N/A,FALSE,N/A,TRUE,12594.92097,125.9492097,8.955526344,9.9681,1.012573656,8.97472106,9.9681,0.99337894,4121792.137,1.722218363,2.61519314,N/A,N/A,34,15
963,16,D:\User Data\Linda\LINDA_BenNRAex_011120\StandardCurves\NADmetB_10a.wiff (sample 1),NADmetB_10a,,,Standard,11/02/2020 11:22,1,1,21,1,5,6500PLUS\User,NADmetabolites_updatedRT.dam,FALSE,NaR_0_0,3,,N/A,256.0 / 124.0,N/A,(No IS),,,FALSE,FALSE,,,N/A,10000,N/A,N/A,7.6,N/A,Baseline,N/A,27698098.08,N/A,27698098.08,N/A,N/A,760332.7994,N/A,760332.7994,N/A,N/A,36.42891389,N/A,36.42891389,N/A,784096,N/A,1,N/A,7.841982044,N/A,7.1487,N/A,8.593266667,N/A,1.444566667,N/A,0.58738836,N/A,260.803512,N/A,0.18741267,N/A,FALSE,N/A,TRUE,10084.36741,100.8436741,7.37656634,8.593266667,1.216700327,7.404325109,8.587582148,1.183257039,98642.73023,1.291110483,1.668449749,N/A,N/A,56,26
985,16,D:\User Data\Linda\LINDA_BenNRAex_011120\StandardCurves\NADmetB_10a.wiff (sample 1),NADmetB_10a,,,Standard,11/02/2020 11:22,1,1,21,1,5,6500PLUS\User,NADmetabolites_updatedRT.dam,FALSE,NADPH,25,,N/A,746.0 / 729.0,N/A,(No IS),,,FALSE,FALSE,Accuracy,,N/A,10000,N/A,N/A,11.97,N/A,Manual,N/A,1168665.72,N/A,1168665.72,N/A,N/A,66164.95698,N/A,66164.95698,N/A,N/A,17.6629106,N/A,17.6629106,N/A,66924,N/A,0.808538515,N/A,12.0615998,N/A,11.76184931,N/A,12.35258111,N/A,0.590731797,N/A,0.281406345,N/A,113.019668,N/A,0.019801616,N/A,TRUE,N/A,FALSE,14002.67412,140.0267412,11.8114617,12.38756667,0.576104965,11.8455692,12.38756667,0.541997462,2217.881419,1.17474164,1.567522398,N/A,N/A,15,8
987,16,D:\User Data\Linda\LINDA_BenNRAex_011120\StandardCurves\NADmetB_10a.wiff (sample 1),NADmetB_10a,,,Standard,11/02/2020 11:22,1,1,21,1,5,6500PLUS\User,NADmetabolites_updatedRT.dam,FALSE,Me4Py,27,,N/A,153.1 / 136.0,N/A,(No IS),,,FALSE,FALSE,,,N/A,10000,N/A,N/A,1.95,N/A,Baseline,N/A,606948709.1,N/A,606948709.1,N/A,N/A,22345022.24,N/A,22345022.24,N/A,N/A,27.16259141,N/A,27.16259141,N/A,22303451,N/A,1,N/A,1.945898154,N/A,1.5534,N/A,2.958616667,N/A,1.405216667,N/A,0.438583659,N/A,491.686437,N/A,0.002332779,N/A,FALSE,N/A,TRUE,9755.816468,97.55816468,1.655748049,2.443820419,0.78807237,1.666080459,2.353878633,0.687798174,37094.63547,1.189775643,1.143655953,N/A,N/A,46,15
990,16,D:\User Data\Linda\LINDA_BenNRAex_011120\StandardCurves\NADmetB_10a.wiff (sample 1),NADmetB_10a,,,Standard,11/02/2020 11:22,1,1,21,1,5,6500PLUS\User,NADmetabolites_updatedRT.dam,FALSE,ADPr1,30,,N/A,559.6 / 347.9,N/A,(No IS),,,FALSE,FALSE,Accuracy,,N/A,10000,N/A,N/A,10.3,N/A,Valley,N/A,3828897.119,N/A,3828897.119,N/A,N/A,161238.7119,N/A,161238.7119,N/A,N/A,23.74676077,N/A,23.74676077,N/A,145835,N/A,1,N/A,9.804955795,N/A,9.497116667,N/A,10.24681667,N/A,0.7497,N/A,0.366345728,N/A,62.36399515,N/A,0.0671893,N/A,FALSE,N/A,FALSE,12675.98113,126.7598113,9.558693494,10.24681667,0.688123173,9.574497099,10.24681667,0.672319568,14450.46849,1.790062124,2.811272735,N/A,N/A,25,12
992,16,D:\User Data\Linda\LINDA_BenNRAex_011120\StandardCurves\NADmetB_10a.wiff (sample 1),NADmetB_10a,,,Standard,11/02/2020 11:22,1,1,21,1,5,6500PLUS\User,NADmetabolites_updatedRT.dam,FALSE,NAM1,32,,N/A,123.0 / 79.9,N/A,(No IS),,,FALSE,FALSE,,,N/A,10000,N/A,N/A,1.66,N/A,Baseline,N/A,241342548.9,N/A,241342548.9,N/A,N/A,11604229.4,N/A,11604229.4,N/A,N/A,20.79780919,N/A,20.79780919,N/A,11687981,N/A,0.96293126,N/A,1.645294319,N/A,1.433783333,N/A,2.6539,N/A,1.220116667,N/A,0.315371079,N/A,1117.007881,N/A,0.040158979,N/A,FALSE,N/A,FALSE,8981.748831,89.81748831,1.464323507,2.328773903,0.864450396,1.468519337,2.081073864,0.612554527,381942.164,2.285577684,2.312645556,N/A,N/A,38,11
1001,16,D:\User Data\Linda\LINDA_BenNRAex_011120\StandardCurves\NADmetB_10a.wiff (sample 1),NADmetB_10a,,,Standard,11/02/2020 11:22,1,1,21,1,5,6500PLUS\User,NADmetabolites_updatedRT.dam,FALSE,NAD1,41,,N/A,664.0 / 427.8,N/A,(No IS),,,FALSE,FALSE,,,N/A,10000,N/A,N/A,11.7,N/A,Valley,N/A,6264788.074,N/A,6264788.074,N/A,N/A,257410.9372,N/A,257410.9372,N/A,N/A,24.33769187,N/A,24.33769187,N/A,208162,N/A,0.856884115,N/A,11.61608757,N/A,11.38545,N/A,12.2964,N/A,0.91095,N/A,0.434096626,N/A,40.69706875,N/A,0.008092737,N/A,FALSE,N/A,FALSE,11094.62172,110.9462172,11.38545,12.14995567,0.764505674,11.38545,12.1016216,0.716171604,2286.798419,1.594491811,1.987367648,N/A,N/A,20,11
1007,16,D:\User Data\Linda\LINDA_BenNRAex_011120\StandardCurves\NADmetB_10a.wiff (sample 1),NADmetB_10a,,,Standard,11/02/2020 11:22,1,1,21,1,5,6500PLUS\User,NADmetabolites_updatedRT.dam,FALSE,NAMN1,47,,N/A,335.9 / 124.0,N/A,(No IS),,,FALSE,FALSE,Accuracy,,N/A,10000,N/A,N/A,12.3,N/A,Baseline,N/A,19032766.37,N/A,19032766.37,N/A,N/A,1341490.35,N/A,1341490.35,N/A,N/A,14.18777733,N/A,14.18777733,N/A,1316990,N/A,1,N/A,12.07131711,N/A,11.769,N/A,13.18101667,N/A,1.412016667,N/A,0.180659659,N/A,104.0429347,N/A,0.020928216,N/A,FALSE,N/A,FALSE,15331.53643,153.3153643,11.8781953,12.59440458,0.716209282,11.90218701,12.39804716,0.495860146,19882.90979,2.006510348,2.209873484,N/A,N/A,36,6
1010,16,D:\User Data\Linda\LINDA_BenNRAex_011120\StandardCurves\NADmetB_10a.wiff (sample 1),NADmetB_10a,,,Standard,11/02/2020 11:22,1,1,21,1,5,6500PLUS\User,NADmetabolites_updatedRT.dam,FALSE,MeNAM1,50,,N/A,137.3 / 94.1,N/A,(No IS),,,FALSE,FALSE,Accuracy,,N/A,10000,N/A,N/A,8.97,N/A,Baseline,N/A,629516062.9,N/A,629516062.9,N/A,N/A,24012518.64,N/A,24012518.64,N/A,N/A,26.21616134,N/A,26.21616134,N/A,25610625,N/A,0.900172219,N/A,9.228512578,N/A,8.83195,N/A,9.968416667,N/A,1.136466667,N/A,0.39720848,N/A,815.7097433,N/A,0.19155679,N/A,FALSE,N/A,TRUE,12840.03898,128.4003898,8.942606403,9.968416667,1.025810264,8.962160937,9.968416667,1.006255729,4047422.714,1.850238605,2.90542734,N/A,N/A,35,14
1027,17,D:\User Data\Linda\LINDA_BenNRAex_011120\StandardCurves\NADmetB_20.wiff (sample 1),NADmetB_20,,,Standard,11/02/2020 11:48,1,1,22,1,5,6500PLUS\User,NADmetabolites_updatedRT.dam,FALSE,NaR_0_0,3,,N/A,256.0 / 124.0,N/A,(No IS),,,FALSE,FALSE,,,N/A,20000,N/A,N/A,7.6,N/A,Baseline,N/A,55482692.17,N/A,55482692.17,N/A,N/A,1539634.539,N/A,1539634.539,N/A,N/A,36.03627405,N/A,36.03627405,N/A,1578021,N/A,1,N/A,7.83375808,N/A,7.148516667,N/A,8.5931,N/A,1.444583333,N/A,0.587022543,N/A,245.5761212,N/A,0.173733437,N/A,FALSE,N/A,TRUE,20200.22643,101.0011322,7.365403366,8.5931,1.227696634,7.397687841,8.557780266,1.160092424,185164.8111,1.273112897,1.578677544,N/A,N/A,56,27
1049,17,D:\User Data\Linda\LINDA_BenNRAex_011120\StandardCurves\NADmetB_20.wiff (sample 1),NADmetB_20,,,Standard,11/02/2020 11:48,1,1,22,1,5,6500PLUS\User,NADmetabolites_updatedRT.dam,FALSE,NADPH,25,,N/A,746.0 / 729.0,N/A,(No IS),,,FALSE,FALSE,Accuracy,,N/A,20000,N/A,N/A,11.97,N/A,Manual,N/A,4116532.703,N/A,4116532.703,N/A,N/A,264174.2291,N/A,264174.2291,N/A,N/A,15.582643,N/A,15.582643,N/A,259100,N/A,0.816226045,N/A,12.03191146,N/A,11.71868733,N/A,12.24170499,N/A,0.523017665,N/A,0.259227345,N/A,106.8696554,N/A,0.002556264,N/A,TRUE,N/A,FALSE,49323.31372,246.6165686,11.79841825,12.2482,0.449781754,11.82796447,12.2482,0.420235531,1291.159157,1.070577123,1.327931392,N/A,N/A,13,7
1051,17,D:\User Data\Linda\LINDA_BenNRAex_011120\StandardCurves\NADmetB_20.wiff (sample 1),NADmetB_20,,,Standard,11/02/2020 11:48,1,1,22,1,5,6500PLUS\User,NADmetabolites_updatedRT.dam,FALSE,Me4Py,27,,N/A,153.1 / 136.0,N/A,(No IS),,,FALSE,FALSE,,,N/A,20000,N/A,N/A,1.95,N/A,Baseline,N/A,1126393997,N/A,1126393997,N/A,N/A,40482283.65,N/A,40482283.65,N/A,N/A,27.82436898,N/A,27.82436898,N/A,40391746,N/A,1,N/A,1.951194827,N/A,1.553333333,N/A,2.958516667,N/A,1.405183333,N/A,0.452900216,N/A,433.9221874,N/A,0.002597828,N/A,FALSE,N/A,FALSE,18105.1429,90.52571449,1.655202561,2.455159122,0.799956561,1.664966957,2.367228246,0.702261289,74841.47976,1.509556473,1.751810692,N/A,N/A,46,15
1054,17,D:\User Data\Linda\LINDA_BenNRAex_011120\StandardCurves\NADmetB_20.wiff (sample 1),NADmetB_20,,,Standard,11/02/2020 11:48,1,1,22,1,5,6500PLUS\User,NADmetabolites_updatedRT.dam,FALSE,ADPr1,30,,N/A,559.6 / 347.9,N/A,(No IS),,,FALSE,FALSE,Accuracy,,N/A,20000,N/A,N/A,10.3,N/A,Manual,N/A,9820020.662,N/A,9820020.662,N/A,N/A,406429.7796,N/A,406429.7796,N/A,N/A,24.16166618,N/A,24.16166618,N/A,372321,N/A,1,N/A,9.776268598,N/A,9.506768817,N/A,10.28283682,N/A,0.776067998,N/A,0.370060632,N/A,76.56298253,N/A,0.045319637,N/A,TRUE,N/A,FALSE,32510.24843,162.5512422,9.539094671,10.28633333,0.747238663,9.549345344,10.28633333,0.736987989,23734.06718,2.128416189,3.458811514,N/A,N/A,27,12
1056,17,D:\User Data\Linda\LINDA_BenNRAex_011120\StandardCurves\NADmetB_20.wiff (sample 1),NADmetB_20,,,Standard,11/02/2020 11:48,1,1,22,1,5,6500PLUS\User,NADmetabolites_updatedRT.dam,FALSE,NAM1,32,,N/A,123.0 / 79.9,N/A,(No IS),,,FALSE,FALSE,Accuracy,,N/A,20000,N/A,N/A,1.66,N/A,Baseline,N/A,442045488.1,N/A,442045488.1,N/A,N/A,22131557.43,N/A,22131557.43,N/A,N/A,19.97353731,N/A,19.97353731,N/A,22247637,N/A,0.970732391,N/A,1.642156826,N/A,1.433716667,N/A,2.6538,N/A,1.220083333,N/A,0.31291617,N/A,1468.471073,N/A,0.029206711,N/A,FALSE,N/A,FALSE,16451.06329,82.25531643,1.463944743,2.184127629,0.720182886,1.467958492,2.049838174,0.581879682,529791.6809,1.900834681,2.138089148,N/A,N/A,38,11
1065,17,D:\User Data\Linda\LINDA_BenNRAex_011120\StandardCurves\NADmetB_20.wiff (sample 1),NADmetB_20,,,Standard,11/02/2020 11:48,1,1,22,1,5,6500PLUS\User,NADmetabolites_updatedRT.dam,FALSE,NAD1,41,,N/A,664.0 / 427.8,N/A,(No IS),,,FALSE,FALSE,Accuracy,,N/A,20000,N/A,N/A,11.7,N/A,Valley,N/A,13111827.73,N/A,13111827.73,N/A,N/A,564546.7001,N/A,564546.7001,N/A,N/A,23.2254085,N/A,23.2254085,N/A,440850,N/A,0.968364652,N/A,11.62925598,N/A,11.3852,N/A,12.6154,N/A,1.2302,N/A,0.418978185,N/A,38.37167853,N/A,0.034464136,N/A,FALSE,N/A,FALSE,23220.38145,116.1019072,11.3852,12.13837028,0.75317028,11.3852,12.08091582,0.695715817,-15815.81371,1.570959355,1.902242161,N/A,N/A,27,10
1071,17,D:\User Data\Linda\LINDA_BenNRAex_011120\StandardCurves\NADmetB_20.wiff (sample 1),NADmetB_20,,,Standard,11/02/2020 11:48,1,1,22,1,5,6500PLUS\User,NADmetabolites_updatedRT.dam,FALSE,NAMN1,47,,N/A,335.9 / 124.0,N/A,(No IS),,,FALSE,FALSE,Accuracy,,N/A,20000,N/A,N/A,12.3,N/A,Baseline,N/A,50419353.13,N/A,50419353.13,N/A,N/A,3584205.965,N/A,3584205.965,N/A,N/A,14.06709146,N/A,14.06709146,N/A,3533966,N/A,1,N/A,12.06566962,N/A,11.72081667,N/A,13.18085,N/A,1.460033333,N/A,0.181750304,N/A,112.660694,N/A,0.016330535,N/A,FALSE,N/A,FALSE,40614.49261,203.0724631,11.86706691,12.52982036,0.662753451,11.88642317,12.36283177,0.476408601,40089.49567,1.750077393,1.802510762,N/A,N/A,37,6
1074,17,D:\User Data\Linda\LINDA_BenNRAex_011120\StandardCurves\NADmetB_20.wiff (sample 1),NADmetB_20,,,Standard,11/02/2020 11:48,1,1,22,1,5,6500PLUS\User,NADmetabolites_updatedRT.dam,FALSE,MeNAM1,50,,N/A,137.3 / 94.1,N/A,(No IS),,,FALSE,FALSE,,,N/A,20000,N/A,N/A,8.97,N/A,Baseline,N/A,889401369.8,N/A,889401369.8,N/A,N/A,32727807.81,N/A,32727807.81,N/A,N/A,27.17570865,N/A,27.17570865,N/A,35277842,N/A,0,N/A,9.224787914,N/A,8.8318,N/A,9.968416667,N/A,1.136616667,N/A,0.41568779,N/A,1118.676666,N/A,0.22062654,N/A,FALSE,N/A,TRUE,18140.83695,90.70418475,8.949088799,9.968416667,1.019327867,8.96627895,9.968416667,1.002137717,6352733.698,1.882221537,2.951838555,N/A,N/A,35,15
1091,18,D:\User Data\Linda\LINDA_BenNRAex_011120\StandardCurves\NADmetB_20a.wiff (sample 1),NADmetB_20a,,,Standard,11/02/2020 12:14,1,1,22,1,5,6500PLUS\User,NADmetabolites_updatedRT.dam,FALSE,NaR_0_0,3,,N/A,256.0 / 124.0,N/A,(No IS),,,FALSE,FALSE,,,N/A,20000,N/A,N/A,7.6,N/A,Baseline,N/A,54393559.17,N/A,54393559.17,N/A,N/A,1536608.214,N/A,1536608.214,N/A,N/A,35.39845659,N/A,35.39845659,N/A,1570467,N/A,1,N/A,7.830800108,N/A,7.148816667,N/A,8.593366667,N/A,1.44455,N/A,0.566767393,N/A,259.9532726,N/A,0.169670445,N/A,FALSE,N/A,TRUE,19803.69316,99.01846581,7.36905133,8.593366667,1.224315337,7.399144079,8.569744145,1.170600066,180483.1955,1.278439335,1.608642002,N/A,N/A,56,25
1113,18,D:\User Data\Linda\LINDA_BenNRAex_011120\StandardCurves\NADmetB_20a.wiff (sample 1),NADmetB_20a,,,Standard,11/02/2020 12:14,1,1,22,1,5,6500PLUS\User,NADmetabolites_updatedRT.dam,FALSE,NADPH,25,,N/A,746.0 / 729.0,N/A,(No IS),,,FALSE,FALSE,Accuracy,,N/A,20000,N/A,N/A,11.97,N/A,Manual,N/A,4101175.512,N/A,4101175.512,N/A,N/A,296064.181,N/A,296064.181,N/A,N/A,13.85231911,N/A,13.85231911,N/A,296743,N/A,0.733319079,N/A,12.03676567,N/A,11.76167289,N/A,12.22308994,N/A,0.461417051,N/A,0.238170282,N/A,117.5014647,N/A,0,N/A,TRUE,N/A,FALSE,49139.30751,245.6965376,11.8245648,12.24821667,0.423651868,11.85061065,12.24821667,0.397606016,0,1.15163347,1.518257364,N/A,N/A,12,7
1115,18,D:\User Data\Linda\LINDA_BenNRAex_011120\StandardCurves\NADmetB_20a.wiff (sample 1),NADmetB_20a,,,Standard,11/02/2020 12:14,1,1,22,1,5,6500PLUS\User,NADmetabolites_updatedRT.dam,FALSE,Me4Py,27,,N/A,153.1 / 136.0,N/A,(No IS),,,FALSE,FALSE,,,N/A,20000,N/A,N/A,1.95,N/A,Baseline,N/A,1139608293,N/A,1139608293,N/A,N/A,41597320.91,N/A,41597320.91,N/A,N/A,27.39619447,N/A,27.39619447,N/A,41517415,N/A,1,N/A,1.954263839,N/A,1.553283333,N/A,2.958483333,N/A,1.4052,N/A,0.447277993,N/A,505.6343525,N/A,0.002599566,N/A,FALSE,N/A,FALSE,18317.54345,91.58771726,1.656567338,2.461200659,0.80463332,1.667844834,2.371401823,0.703556989,76953.45858,1.526532671,1.788884439,N/A,N/A,46,15
1118,18,D:\User Data\Linda\LINDA_BenNRAex_011120\StandardCurves\NADmetB_20a.wiff (sample 1),NADmetB_20a,,,Standard,11/02/2020 12:14,1,1,22,1,5,6500PLUS\User,NADmetabolites_updatedRT.dam,FALSE,ADPr1,30,,N/A,559.6 / 347.9,N/A,(No IS),,,FALSE,FALSE,Accuracy,,N/A,20000,N/A,N/A,10.3,N/A,Manual,N/A,10267183.49,N/A,10267183.49,N/A,N/A,457998.8836,N/A,457998.8836,N/A,N/A,22.41748584,N/A,22.41748584,N/A,414508,N/A,1,N/A,9.782142501,N/A,9.531082156,N/A,10.20103013,N/A,0.669947977,N/A,0.349800903,N/A,68.29450978,N/A,0.044765554,N/A,TRUE,N/A,FALSE,33990.62969,169.9531485,9.547529558,10.20728333,0.659753775,9.565696158,10.20728333,0.641587175,30603.23222,1.622315227,2.464845353,N/A,N/A,23,12
1120,18,D:\User Data\Linda\LINDA_BenNRAex_011120\StandardCurves\NADmetB_20a.wiff (sample 1),NADmetB_20a,,,Standard,11/02/2020 12:14,1,1,22,1,5,6500PLUS\User,NADmetabolites_updatedRT.dam,FALSE,NAM1,32,,N/A,123.0 / 79.9,N/A,(No IS),,,FALSE,FALSE,Accuracy,,N/A,20000,N/A,N/A,1.66,N/A,Baseline,N/A,451246736.7,N/A,451246736.7,N/A,N/A,23131460.52,N/A,23131460.52,N/A,N/A,19.50792239,N/A,19.50792239,N/A,23248487,N/A,0.971735553,N/A,1.638487326,N/A,1.433666667,N/A,2.65375,N/A,1.220083333,N/A,0.303674249,N/A,1084.575993,N/A,0.028416234,N/A,FALSE,N/A,FALSE,16793.49484,83.9674742,1.465542367,2.170425217,0.704882851,1.470707047,2.045522217,0.57481517,538741.0696,1.876941763,2.147781437,N/A,N/A,38,11
1129,18,D:\User Data\Linda\LINDA_BenNRAex_011120\StandardCurves\NADmetB_20a.wiff (sample 1),NADmetB_20a,,,Standard,11/02/2020 12:14,1,1,22,1,5,6500PLUS\User,NADmetabolites_updatedRT.dam,FALSE,NAD1,41,,N/A,664.0 / 427.8,N/A,(No IS),,,FALSE,FALSE,Accuracy,,N/A,20000,N/A,N/A,11.7,N/A,Valley,N/A,13434945.54,N/A,13434945.54,N/A,N/A,595936.2711,N/A,595936.2711,N/A,N/A,22.54426553,N/A,22.54426553,N/A,466083,N/A,0.947161065,N/A,11.63537055,N/A,11.43316667,N/A,12.66085,N/A,1.227683333,N/A,0.377571328,N/A,35.38488304,N/A,0.021631492,N/A,FALSE,N/A,FALSE,23792.60668,118.9630334,11.43316667,12.17371765,0.740550984,11.43316667,12.0950656,0.661898938,-10500.25698,1.544530696,1.760979996,N/A,N/A,27,9
1135,18,D:\User Data\Linda\LINDA_BenNRAex_011120\StandardCurves\NADmetB_20a.wiff (sample 1),NADmetB_20a,,,Standard,11/02/2020 12:14,1,1,22,1,5,6500PLUS\User,NADmetabolites_updatedRT.dam,FALSE,NAMN1,47,,N/A,335.9 / 124.0,N/A,(No IS),,,FALSE,FALSE,Accuracy,,N/A,20000,N/A,N/A,12.3,N/A,Baseline,N/A,55332767.66,N/A,55332767.66,N/A,N/A,3878152.977,N/A,3878152.977,N/A,N/A,14.2678146,N/A,14.2678146,N/A,3817262,N/A,1,N/A,12.07046738,N/A,11.76878333,N/A,13.18058333,N/A,1.4118,N/A,0.181569104,N/A,108.7287059,N/A,0.017618181,N/A,FALSE,N/A,FALSE,44572.41405,222.8620702,11.87504036,12.54178469,0.666744337,11.8975532,12.37941453,0.48186133,48396.37342,1.837676105,2.032542675,N/A,N/A,36,6
1138,18,D:\User Data\Linda\LINDA_BenNRAex_011120\StandardCurves\NADmetB_20a.wiff (sample 1),NADmetB_20a,,,Standard,11/02/2020 12:14,1,1,22,1,5,6500PLUS\User,NADmetabolites_updatedRT.dam,FALSE,MeNAM1,50,,N/A,137.3 / 94.1,N/A,(No IS),,,FALSE,FALSE,Accuracy,,N/A,20000,N/A,N/A,8.97,N/A,Baseline,N/A,798747048.9,N/A,798747048.9,N/A,N/A,28723882.75,N/A,28723882.75,N/A,N/A,27.80776735,N/A,27.80776735,N/A,30965899,N/A,0,N/A,9.227662264,N/A,8.832066667,N/A,9.968383333,N/A,1.136316667,N/A,0.429142554,N/A,922.034935,N/A,0.236546885,N/A,FALSE,N/A,TRUE,16291.78959,81.45894795,8.940610766,9.968383333,1.027772567,8.959479668,9.968383333,1.008903665,5979446.75,1.662223761,2.475538589,N/A,N/A,35,15
